date,debate,speaker,speaker_id,context,speech_url
1901-05-09,QUESTION: HIS EXCELLENCY THE GOVER,Mr BARTON,009LR,,https://historichansard.net/hofreps/1901/19010509_reps_1_1/#subdebate-9-0
1901-05-09,SPECIAL ADJOURNMENT,Mr BARTON,009LR,,https://historichansard.net/hofreps/1901/19010509_reps_1_1/#debate-15
1901-05-21,QUESTION: GOVERNOR-GENERAL'S SPEECH,Mr W H GROOM,KFL,,https://historichansard.net/hofreps/1901/19010521_reps_1_1/#subdebate-6-0
1901-05-21,QUESTION: GOVERNOR-GENERAL'S SPEECH,Mr SPEAKER,10000,,https://historichansard.net/hofreps/1901/19010521_reps_1_1/#subdebate-6-0
1901-05-22,GOVERNOR-GENERAL'S SPEECH,Mr MCCOLL,KQ4,,https://historichansard.net/hofreps/1901/19010522_REPS_1_1/#debate-2
1901-05-22,GOVERNOR-GENERAL'S SPEECH,Mr RONALD,KZV,,https://historichansard.net/hofreps/1901/19010522_REPS_1_1/#debate-2
1901-05-22,GOVERNOR-GENERAL'S SPEECH,Mr WATSON,F4R,,https://historichansard.net/hofreps/1901/19010522_REPS_1_1/#debate-2
1901-05-22,GOVERNOR-GENERAL'S SPEECH,Mr A McLEAN,KRO,,https://historichansard.net/hofreps/1901/19010522_REPS_1_1/#debate-2
1901-05-22,GOVERNOR-GENERAL'S SPEECH,Mr GLYNN,KCO,,https://historichansard.net/hofreps/1901/19010522_REPS_1_1/#debate-2
1901-05-22,GOVERNOR-GENERAL'S SPEECH,Mr THOMSON,KW6,,https://historichansard.net/hofreps/1901/19010522_REPS_1_1/#debate-2
1901-05-22,GOVERNOR-GENERAL'S SPEECH,Mr MAUGER,KNJ,,https://historichansard.net/hofreps/1901/19010522_REPS_1_1/#debate-2
1901-05-22,GOVERNOR-GENERAL'S SPEECH,Sir WILLIAM McMILLAN,L2G,,https://historichansard.net/hofreps/1901/19010522_REPS_1_1/#debate-2
1901-05-22,GOVERNOR-GENERAL'S SPEECH,Mr WATKINS,KX9,,https://historichansard.net/hofreps/1901/19010522_REPS_1_1/#debate-2
1901-05-22,GOVERNOR-GENERAL'S SPEECH,Mr WATKINS,KX9,,https://historichansard.net/hofreps/1901/19010522_REPS_1_1/#debate-2
1901-05-22,GOVERNOR-GENERAL'S SPEECH,Sir JOHN FORREST,KFJ,,https://historichansard.net/hofreps/1901/19010522_REPS_1_1/#debate-2
1901-05-23,QUESTION: THE GOVERNOR-GENERAL'S SPEECH,Mr WILKS,L17,,https://historichansard.net/hofreps/1901/19010523_reps_1_1/#subdebate-2-0
1901-05-23,QUESTION: THE GOVERNOR-GENERAL'S SPEECH,Mr WILKS,L17,,https://historichansard.net/hofreps/1901/19010523_reps_1_1/#subdebate-2-0
1901-05-23,QUESTION: EDMUND BARTON,Mr EWING,KDR,,https://historichansard.net/hofreps/1901/19010523_reps_1_1/#subdebate-3-0
1901-05-23,QUESTION: EDMUND BARTON,Mr G B EDWARDS,KDD,,https://historichansard.net/hofreps/1901/19010523_reps_1_1/#subdebate-3-0
1901-05-23,QUESTION: EDMUND BARTON,Mr HUGHES,DQC,,https://historichansard.net/hofreps/1901/19010523_reps_1_1/#subdebate-3-0
1901-05-23,ADJOURNMENT,Mr WATSON,F4R,,https://historichansard.net/hofreps/1901/19010523_reps_1_1/#debate-5
1901-05-23,ADJOURNMENT: An Honorable Member. - At 7s. 6d,Mr BARTON,009LR,,https://historichansard.net/hofreps/1901/19010523_reps_1_1/#subdebate-5-0
1901-05-29,QUESTION: GOVERNOR-GENERAL'S SPEECH,Mr PIESSE,KY9,,https://historichansard.net/hofreps/1901/19010529_reps_1_1/#subdebate-1-0
1901-05-29,QUESTION: GOVERNOR-GENERAL'S SPEECH,Mr POYNTON,KYD,,https://historichansard.net/hofreps/1901/19010529_reps_1_1/#subdebate-1-0
1901-05-29,QUESTION: GOVERNOR-GENERAL'S SPEECH,Sir JOHN QUICK,KYJ,,https://historichansard.net/hofreps/1901/19010529_reps_1_1/#subdebate-1-0
1901-05-29,QUESTION: GOVERNOR-GENERAL'S SPEECH,Mr BRUCE SMITH,KTT,,https://historichansard.net/hofreps/1901/19010529_reps_1_1/#subdebate-1-0
1901-05-29,QUESTION: GOVERNOR-GENERAL'S SPEECH,Mr HUME COOK,K4I,,https://historichansard.net/hofreps/1901/19010529_reps_1_1/#subdebate-1-0
1901-05-30,QUESTION: THE GOVERNOR-GENERAL'S SPEECH,Mr V L SOLOMON,KU9,,https://historichansard.net/hofreps/1901/19010530_reps_1_1/#subdebate-0-0
1901-05-30,QUESTION: THE GOVERNOR-GENERAL'S SPEECH,Mr KING O'MALLEY,K5D,,https://historichansard.net/hofreps/1901/19010530_reps_1_1/#subdebate-0-0
1901-05-30,QUESTION: THE GOVERNOR-GENERAL'S SPEECH,Mr V L SOLOMON,KU9,,https://historichansard.net/hofreps/1901/19010530_reps_1_1/#subdebate-0-0
1901-05-30,QUESTION: THE GOVERNOR-GENERAL'S SPEECH,Mr McCOLL,KQ4,,https://historichansard.net/hofreps/1901/19010530_reps_1_1/#subdebate-0-0
1901-05-30,QUESTION: THE GOVERNOR-GENERAL'S SPEECH,Mr McCOLL,KQ4,,https://historichansard.net/hofreps/1901/19010530_reps_1_1/#subdebate-0-0
1901-05-30,QUESTION: THE GOVERNOR-GENERAL'S SPEECH,Mr HENRY WILLIS,L1D,,https://historichansard.net/hofreps/1901/19010530_reps_1_1/#subdebate-0-0
1901-05-31,QUESTION: THEGOVERNOR-GENERAL'S SPEECH,Mr DEAKIN,009MD,,https://historichansard.net/hofreps/1901/19010531_reps_1_1/#subdebate-0-0
1901-05-31,QUESTION: THEGOVERNOR-GENERAL'S SPEECH,Mr CRUICKSHANK,K7X,,https://historichansard.net/hofreps/1901/19010531_reps_1_1/#subdebate-0-0
1901-05-31,QUESTION: THEGOVERNOR-GENERAL'S SPEECH,Mr BAMFORD,JNV,,https://historichansard.net/hofreps/1901/19010531_reps_1_1/#subdebate-0-0
1901-06-04,QUESTION: G OVERNOR - GENERAL'S SPEECH,Mr A GROOM,KFI,,https://historichansard.net/hofreps/1901/19010604_reps_1_1/#subdebate-1-0
1901-06-04,QUESTION: G OVERNOR - GENERAL'S SPEECH,Mr MCDONALD,KQP,,https://historichansard.net/hofreps/1901/19010604_reps_1_1/#subdebate-1-0
1901-06-04,QUESTION: G OVERNOR - GENERAL'S SPEECH,"Mr WINTER, COOKE",K4P,,https://historichansard.net/hofreps/1901/19010604_reps_1_1/#subdebate-1-0
1901-06-04,QUESTION: G OVERNOR - GENERAL'S SPEECH,Mr CHANTER,JWY,,https://historichansard.net/hofreps/1901/19010604_reps_1_1/#subdebate-1-0
1901-06-04,QUESTION: G OVERNOR - GENERAL'S SPEECH,Mr BROWN,JSM,,https://historichansard.net/hofreps/1901/19010604_reps_1_1/#subdebate-1-0
1901-06-04,QUESTION: G OVERNOR - GENERAL'S SPEECH,Mr HARPER,KNI,,https://historichansard.net/hofreps/1901/19010604_reps_1_1/#subdebate-1-0
1901-06-04,QUESTION: G OVERNOR - GENERAL'S SPEECH,Mr HARPER,KNI,,https://historichansard.net/hofreps/1901/19010604_reps_1_1/#subdebate-1-0
1901-06-04,QUESTION: G OVERNOR - GENERAL'S SPEECH,Mr CONROY,K4E,,https://historichansard.net/hofreps/1901/19010604_reps_1_1/#subdebate-1-0
1901-06-04,QUESTION: G OVERNOR - GENERAL'S SPEECH,Mr CONROY,K4E,,https://historichansard.net/hofreps/1901/19010604_reps_1_1/#subdebate-1-0
1901-06-05,QUESTION: THE GOVERNOR-GENERAL'S SPEECH,Mr PATERSON,KXS,,https://historichansard.net/hofreps/1901/19010605_reps_1_1/#subdebate-0-0
1901-06-05,QUESTION: THE GOVERNOR-GENERAL'S SPEECH,Mr KENNEDY,KED,,https://historichansard.net/hofreps/1901/19010605_reps_1_1/#subdebate-0-0
1901-06-05,QUESTION: THE GOVERNOR-GENERAL'S SPEECH,Mr SYDNEY SMITH,L2I,,https://historichansard.net/hofreps/1901/19010605_reps_1_1/#subdebate-0-0
1901-06-05,QUESTION: THE GOVERNOR-GENERAL'S SPEECH,Mr SPEAKER,10000,,https://historichansard.net/hofreps/1901/19010605_reps_1_1/#subdebate-0-0
1901-06-05,QUESTION: MAIL CONTRACTS,Sir PHILIP FYSH,JZT,,https://historichansard.net/hofreps/1901/19010605_reps_1_1/#subdebate-9-0
1901-06-05,QUESTION: DAYS AND HOURS OF MEETING,Mr O'MALLEY,K5D,,https://historichansard.net/hofreps/1901/19010605_reps_1_1/#subdebate-22-0
1901-06-05,CHAIRMAN OF COMMITTEES,Mr McCOLL,KQ4,,https://historichansard.net/hofreps/1901/19010605_reps_1_1/#debate-42
1901-06-06,DEFENCE BILL,Mr BARTON,009LR,,https://historichansard.net/hofreps/1901/19010606_reps_1_1/#debate-4
1901-06-06,ACTS INTERPRETATION BILL,Mr DEAKIN,009MD,,https://historichansard.net/hofreps/1901/19010606_reps_1_1/#debate-9
1901-06-06,ACTS INTERPRETATION BILL,Mr CROUCH,K7U,,https://historichansard.net/hofreps/1901/19010606_reps_1_1/#debate-9
1901-06-06,ACTS INTERPRETATION BILL,Mr HIGGINS,KHC,,https://historichansard.net/hofreps/1901/19010606_reps_1_1/#debate-9
1901-06-06,ACTS INTERPRETATION BILL,Mr DEAKIN,009MD,,https://historichansard.net/hofreps/1901/19010606_reps_1_1/#debate-9
1901-06-06,QUESTION: COINAGE OF SILVER AND BRONZE AND THE DECIMAL SYSTEM,Mr BARTON,009LR,,https://historichansard.net/hofreps/1901/19010606_reps_1_1/#subdebate-10-0
1901-06-06,ADJOURNMENT,Mr BARTON,009LR,,https://historichansard.net/hofreps/1901/19010606_reps_1_1/#debate-12
1901-06-07,QUESTION: TASMANIAN COMMONWEALTH SERVICE,Mr BARTON,009LR,,https://historichansard.net/hofreps/1901/19010607_reps_1_1/#subdebate-5-0
1901-06-07,PRAYERS,Mr GLYNN,KCO,,https://historichansard.net/hofreps/1901/19010607_reps_1_1/#debate-8
1901-06-11,ACTS INTERPRETATION BILL,Mr DEAKIN,009MD,,https://historichansard.net/hofreps/1901/19010611_reps_1_1/#debate-3
1901-06-11,SUPPLY BILL,Mr WATSON,F4R,,https://historichansard.net/hofreps/1901/19010611_reps_1_1/#debate-4
1901-06-11,SUPPLY BILL,Mr BARTON,009LR,,https://historichansard.net/hofreps/1901/19010611_reps_1_1/#debate-4
1901-06-11,SUPPLY BILL,Mr McCOLL,KQ4,,https://historichansard.net/hofreps/1901/19010611_reps_1_1/#debate-4
1901-06-11,SUPPLY BILL,Mr HUME COOK,K4I,,https://historichansard.net/hofreps/1901/19010611_reps_1_1/#debate-4
1901-06-12,SUPPLY BILL,Mr CAMERON,JUJ,,https://historichansard.net/hofreps/1901/19010612_reps_1_1/#debate-6
1901-06-12,SUPPLY BILL,Mr ISAACS,KJI,,https://historichansard.net/hofreps/1901/19010612_reps_1_1/#debate-6
1901-06-12,SUPPLY BILL,Mr BARTON,009LR,,https://historichansard.net/hofreps/1901/19010612_reps_1_1/#debate-6
1901-06-12,SUPPLY BILL,Mr JOSEPH COOK,F4S,,https://historichansard.net/hofreps/1901/19010612_reps_1_1/#debate-6
1901-06-12,SUPPLY BILL,Mr CONROY,K4E,,https://historichansard.net/hofreps/1901/19010612_reps_1_1/#debate-6
1901-06-12,SUPPLY BILL,Mr CONROY,K4E,,https://historichansard.net/hofreps/1901/19010612_reps_1_1/#debate-6
1901-06-12,SUPPLY BILL,Mr RONALD,KZV,,https://historichansard.net/hofreps/1901/19010612_reps_1_1/#debate-6
1901-06-12,SUPPLY BILL,Mr BRUCE SMITH,KTT,,https://historichansard.net/hofreps/1901/19010612_reps_1_1/#debate-6
1901-06-13,ELECTION PETITION,Mr WATSON,F4R,,https://historichansard.net/hofreps/1901/19010613_reps_1_1/#debate-7
1901-06-13,ELECTION PETITION,Mr DEAKIN,009MD,,https://historichansard.net/hofreps/1901/19010613_reps_1_1/#debate-7
1901-06-13,COMMONWEALTH PUBLIC SERVICE BILL: Second Reading,Sir WILLIAM McMILLAN,L2G,,https://historichansard.net/hofreps/1901/19010613_reps_1_1/#subdebate-11-0
1901-06-13,COMMONWEALTH PUBLIC SERVICE BILL: Second Reading,Mr POYNTON,KYD,,https://historichansard.net/hofreps/1901/19010613_reps_1_1/#subdebate-11-0
1901-06-13,COMMONWEALTH PUBLIC SERVICE BILL: Second Reading,Mr ISAACS,KJI,,https://historichansard.net/hofreps/1901/19010613_reps_1_1/#subdebate-11-0
1901-06-13,COMMONWEALTH PUBLIC SERVICE BILL: Second Reading,Mr BRUCE SMITH,KTT,,https://historichansard.net/hofreps/1901/19010613_reps_1_1/#subdebate-11-0
1901-06-13,COMMONWEALTH PUBLIC SERVICE BILL: Second Reading,Mr BRUCE SMITH,KTT,,https://historichansard.net/hofreps/1901/19010613_reps_1_1/#subdebate-11-0
1901-06-14,"RATE OF WAG E - HOURS OF LABOUR,",Mr MAUGER,KNJ,,https://historichansard.net/hofreps/1901/19010614_reps_1_1/#debate-4
1901-06-14,SUPPLY BILL. *,Mr PIESSE,KY9,,https://historichansard.net/hofreps/1901/19010614_reps_1_1/#debate-5
1901-06-19,AUDIT BILL: Second Reading,Sir GEORGE TURNER,KWT,,https://historichansard.net/hofreps/1901/19010619_reps_1_1/#subdebate-4-0
1901-06-19,COMMONWEALTH PUBLIC SERVICE BILL: Second Reading,Sir JOHN QUICK,KYJ,,https://historichansard.net/hofreps/1901/19010619_reps_1_1/#subdebate-5-0
1901-06-19,COMMONWEALTH PUBLIC SERVICE BILL: Second Reading,Mr McCAY,KPM,,https://historichansard.net/hofreps/1901/19010619_reps_1_1/#subdebate-5-0
1901-06-19,COMMONWEALTH PUBLIC SERVICE BILL: Second Reading,Mr A McLEAN,KRO,,https://historichansard.net/hofreps/1901/19010619_reps_1_1/#subdebate-5-0
1901-06-19,COMMONWEALTH PUBLIC SERVICE BILL: Second Reading,Mr KIRWAN,KYR,,https://historichansard.net/hofreps/1901/19010619_reps_1_1/#subdebate-5-0
1901-06-19,COMMONWEALTH PUBLIC SERVICE BILL: Second Reading,Mr JOSEPH COOK,F4S,,https://historichansard.net/hofreps/1901/19010619_reps_1_1/#subdebate-5-0
1901-06-19,COMMONWEALTH PUBLIC SERVICE BILL: Second Reading,Mr BATCHELOR,JOC,,https://historichansard.net/hofreps/1901/19010619_reps_1_1/#subdebate-5-0
1901-06-19,COMMONWEALTH PUBLIC SERVICE BILL: Second Reading,Mr DEAKIN,009MD,,https://historichansard.net/hofreps/1901/19010619_reps_1_1/#subdebate-5-0
1901-06-20,RAILWAY PASSES FOR MEMBERS,Mr V L SOLOMON,KU9,,https://historichansard.net/hofreps/1901/19010620_reps_1_1/#debate-5
1901-06-20,QUESTION: EMOLUMENTS OF MINISTERS,Mr V L SOLOMON,KU9,,https://historichansard.net/hofreps/1901/19010620_reps_1_1/#subdebate-14-0
1901-06-20,QUESTION: EMOLUMENTS OF MINISTERS,Sir WILLIAM MCMILLAN,L2G,,https://historichansard.net/hofreps/1901/19010620_reps_1_1/#subdebate-14-0
1901-06-20,QUESTION: EMOLUMENTS OF MINISTERS,Mr CROUCH,K7U,,https://historichansard.net/hofreps/1901/19010620_reps_1_1/#subdebate-14-0
1901-06-20,QUESTION: EMOLUMENTS OF MINISTERS,Mr W KNOX,KYT,,https://historichansard.net/hofreps/1901/19010620_reps_1_1/#subdebate-14-0
1901-06-21,SUPPLY BILL (No. 2),Sir WILLIAM MCMILLAN,L2G,,https://historichansard.net/hofreps/1901/19010621_reps_1_2/#debate-0
1901-06-21,SUPPLY BILL (No. 2),Mr ISAACS,KJI,,https://historichansard.net/hofreps/1901/19010621_reps_1_2/#debate-0
1901-06-25,PERSONAL EXPLANATION,Mr McCOLL,KQ4,,https://historichansard.net/hofreps/1901/19010625_reps_1_2/#debate-0
1901-06-25,SUPPLY BILL (No. 2.),Mr HIGGINS,KHC,,https://historichansard.net/hofreps/1901/19010625_reps_1_2/#debate-1
1901-06-25,PUBLIC SERVICE BILL,Sir WILLIAM McMILLAN,L2G,,https://historichansard.net/hofreps/1901/19010625_reps_1_2/#debate-2
1901-06-25,PUBLIC SERVICE BILL,Mr EWING,KDR,,https://historichansard.net/hofreps/1901/19010625_reps_1_2/#debate-2
1901-06-25,PUBLIC SERVICE BILL,Mr KIRWAN,KYR,,https://historichansard.net/hofreps/1901/19010625_reps_1_2/#debate-4
1901-06-26,PUBLIC SERVICE BILL,Mr CONROY,K4E,,https://historichansard.net/hofreps/1901/19010626_reps_1_2/#debate-3
1901-06-26,PUBLIC SERVICE BILL,Mr TUDOR,KWL,,https://historichansard.net/hofreps/1901/19010626_reps_1_2/#debate-3
1901-06-26,PUBLIC SERVICE BILL,Mr McCOLL,KQ4,,https://historichansard.net/hofreps/1901/19010626_reps_1_2/#debate-3
1901-06-26,PUBLIC SERVICE BILL,Sir WILLIAM McMILLAN,L2G,,https://historichansard.net/hofreps/1901/19010626_reps_1_2/#debate-3
1901-06-26,PUBLIC SERVICE BILL,Mr BATCHELOR,JOC,,https://historichansard.net/hofreps/1901/19010626_reps_1_2/#debate-3
1901-06-26,PUBLIC SERVICE BILL,Sir WILLIAM LYNE,KIN,,https://historichansard.net/hofreps/1901/19010626_reps_1_2/#debate-3
1901-06-27,PUBLIC SERVICE BILL,Mr McCOLL,KQ4,,https://historichansard.net/hofreps/1901/19010627_reps_1_2/#debate-6
1901-06-27,PUBLIC SERVICE BILL,Mr McCOLL,KQ4,,https://historichansard.net/hofreps/1901/19010627_reps_1_2/#debate-6
1901-06-27,PUBLIC SERVICE BILL,Mr KING O'MALLEY,K5D,,https://historichansard.net/hofreps/1901/19010627_reps_1_2/#debate-6
1901-06-27,PUBLIC SERVICE BILL,Mr FOWLER,JWG,,https://historichansard.net/hofreps/1901/19010627_reps_1_2/#debate-6
1901-06-27,PUBLIC SERVICE BILL,Sir EDWARD BRADDON,JRR,,https://historichansard.net/hofreps/1901/19010627_reps_1_2/#debate-6
1901-06-28,QUESTION: RATE OF WAGE : HOURS OF LABOUR,Mr FOWLER,JWG,,https://historichansard.net/hofreps/1901/19010628_reps_1_2/#subdebate-4-0
1901-06-28,QUESTION: RATE OF WAGE : HOURS OF LABOUR,Mr BARTON,009LR,,https://historichansard.net/hofreps/1901/19010628_reps_1_2/#subdebate-4-0
1901-06-28,QUESTION: NATIONAL DEPARTMENT OP AGRICULTURE,Sir JOHN QUICK,KYJ,,https://historichansard.net/hofreps/1901/19010628_reps_1_2/#subdebate-6-0
1901-07-02,PUBLIC SERVICE BILL,Mr HUME COOK,K4I,,https://historichansard.net/hofreps/1901/19010702_reps_1_2/#debate-2
1901-07-02,PUBLIC SERVICE BILL,Mr RONALD,KZV,,https://historichansard.net/hofreps/1901/19010702_reps_1_2/#debate-2
1901-07-02,PUBLIC SERVICE BILL,Mr McCOLL,KQ4,,https://historichansard.net/hofreps/1901/19010702_reps_1_2/#debate-2
1901-07-02,PUBLIC SERVICE BILL,Mr REID,F4P,,https://historichansard.net/hofreps/1901/19010702_reps_1_2/#debate-2
1901-07-02,PUBLIC SERVICE BILL,Sir WILLIAM LYNE,KIN,,https://historichansard.net/hofreps/1901/19010702_reps_1_2/#debate-2
1901-07-02,PUBLIC SERVICE BILL,Mr ISAACS,KJI,,https://historichansard.net/hofreps/1901/19010702_reps_1_2/#debate-2
1901-07-02,PUBLIC SERVICE BILL,Mr HUME COOK,K4I,,https://historichansard.net/hofreps/1901/19010702_reps_1_2/#debate-2
1901-07-02,PUBLIC SERVICE BILL,Mr REID,F4P,,https://historichansard.net/hofreps/1901/19010702_reps_1_2/#debate-2
1901-07-02,PUBLIC SERVICE BILL,Mr DEAKIN,009MD,,https://historichansard.net/hofreps/1901/19010702_reps_1_2/#debate-2
1901-07-03,QUESTION: THE NEW HEBRIDES,Mr BARTON,009LR,,https://historichansard.net/hofreps/1901/19010703_reps_1_2/#subdebate-1-0
1901-07-03,PUBLIC SERVICE BILL,Mr SALMON,L0K,,https://historichansard.net/hofreps/1901/19010703_reps_1_2/#debate-3
1901-07-03,PUBLIC SERVICE BILL,Mr F E McLEAN,KRP,,https://historichansard.net/hofreps/1901/19010703_reps_1_2/#debate-3
1901-07-03,PUBLIC SERVICE BILL,Mr REID,F4P,,https://historichansard.net/hofreps/1901/19010703_reps_1_2/#debate-3
1901-07-03,PUBLIC SERVICE BILL,Mr SALMON,L0K,,https://historichansard.net/hofreps/1901/19010703_reps_1_2/#debate-3
1901-07-04,PUBLIC SERVICE BILL,Mr HUME COOK,K4I,,https://historichansard.net/hofreps/1901/19010704_reps_1_2/#debate-6
1901-07-04,CUSTOMS BILL,Mr KINGSTON,KEW,,https://historichansard.net/hofreps/1901/19010704_reps_1_2/#debate-8
1901-07-04,CUSTOMS BILL,Mr REID,F4P,,https://historichansard.net/hofreps/1901/19010704_reps_1_2/#debate-8
1901-07-04,AUDIT BILL,Mr REID,F4P,,https://historichansard.net/hofreps/1901/19010704_reps_1_2/#debate-10
1901-07-05,"QUESTION: NORTHERN TERRITORY OF SOUTH AUSTRALIA.,",Mr V L SOLOMON,KU9,,https://historichansard.net/hofreps/1901/19010705_reps_1_2/#subdebate-4-0
1901-07-05,"QUESTION: NORTHERN TERRITORY OF SOUTH AUSTRALIA.,",Mr V L SOLOMON,KU9,,https://historichansard.net/hofreps/1901/19010705_reps_1_2/#subdebate-4-0
1901-07-09,DEFENCE BILL,Mr WATSON,F4R,,https://historichansard.net/hofreps/1901/19010709_reps_1_2/#debate-8
1901-07-09,QUESTION: SUPPLY,Mr WATSON,F4R,,https://historichansard.net/hofreps/1901/19010709_reps_1_2/#subdebate-9-0
1901-07-09,QUESTION: SUPPLY,Mr WILKS,L17,,https://historichansard.net/hofreps/1901/19010709_reps_1_2/#subdebate-9-0
1901-07-09,QUESTION: SUPPLY,Mr WINTER COOKE,K4P,,https://historichansard.net/hofreps/1901/19010709_reps_1_2/#subdebate-9-0
1901-07-09,AUDIT BILL,Mr REID,F4P,,https://historichansard.net/hofreps/1901/19010709_reps_1_2/#debate-10
1901-07-09,ADJOURNMENT,Mr CROUCH,K7U,,https://historichansard.net/hofreps/1901/19010709_reps_1_2/#debate-11
1901-07-10,CUSTOMS BILL: Second Reading,Mr REID,F4P,,https://historichansard.net/hofreps/1901/19010710_reps_1_2/#subdebate-9-0
1901-07-10,CUSTOMS BILL: Second Reading,Mr KINGSTON,KEW,,https://historichansard.net/hofreps/1901/19010710_reps_1_2/#subdebate-9-0
1901-07-10,CUSTOMS BILL: Second Reading,Mr REID,F4P,,https://historichansard.net/hofreps/1901/19010710_reps_1_2/#subdebate-9-0
1901-07-11,CUSTOMS BILL,Mr REID,F4P,,https://historichansard.net/hofreps/1901/19010711_reps_1_2/#debate-8
1901-07-11,CUSTOMS BILL,Mr THOMSON,KW6,,https://historichansard.net/hofreps/1901/19010711_reps_1_2/#debate-8
1901-07-11,CUSTOMS BILL,Mr ISAACS,KJI,,https://historichansard.net/hofreps/1901/19010711_reps_1_2/#debate-8
1901-07-11,CUSTOMS BILL,Mr G B EDWARDS,KDD,,https://historichansard.net/hofreps/1901/19010711_reps_1_2/#debate-8
1901-07-11,CUSTOMS BILL,Mr REID,F4P,,https://historichansard.net/hofreps/1901/19010711_reps_1_2/#debate-8
1901-07-11,CUSTOMS BILL,Mr KINGSTON,KEW,,https://historichansard.net/hofreps/1901/19010711_reps_1_2/#debate-8
1901-07-11,CUSTOMS BILL,Mr ISAACS,KJI,,https://historichansard.net/hofreps/1901/19010711_reps_1_2/#debate-8
1901-07-11,CUSTOMS BILL,Mr THOMSON,KW6,,https://historichansard.net/hofreps/1901/19010711_reps_1_2/#debate-8
1901-07-11,CUSTOMS BILL,Mr REID,F4P,,https://historichansard.net/hofreps/1901/19010711_reps_1_2/#debate-8
1901-07-11,CUSTOMS BILL,Mr KINGSTON,KEW,,https://historichansard.net/hofreps/1901/19010711_reps_1_2/#debate-8
1901-07-12,QUESTION: DEPARTMENT OF AGRICULTURE,Mr ISAACS,KJI,,https://historichansard.net/hofreps/1901/19010712_reps_1_2/#subdebate-7-0
1901-07-12,QUESTION: DEPARTMENT OF AGRICULTURE,Mr O'MALLEY,K5D,,https://historichansard.net/hofreps/1901/19010712_reps_1_2/#subdebate-7-0
1901-07-16,CUSTOMS BILL,Mr HUME COOK,K4I,,https://historichansard.net/hofreps/1901/19010716_reps_1_2/#debate-7
1901-07-16,CUSTOMS BILL,Mr CONROY,K4E,,https://historichansard.net/hofreps/1901/19010716_reps_1_2/#debate-7
1901-07-16,CUSTOMS BILL,Mr KINGSTON,KEW,,https://historichansard.net/hofreps/1901/19010716_reps_1_2/#debate-7
1901-07-16,CUSTOMS BILL,Mr KINGSTON,KEW,,https://historichansard.net/hofreps/1901/19010716_reps_1_2/#debate-7
1901-07-16,CUSTOMS BILL,Mr G B EDWARDS,KDD,,https://historichansard.net/hofreps/1901/19010716_reps_1_2/#debate-7
1901-07-16,CUSTOMS BILL,Mr V L SOLOMON,KU9,,https://historichansard.net/hofreps/1901/19010716_reps_1_2/#debate-7
1901-07-16,CUSTOMS BILL,Mr THOMSON,KW6,,https://historichansard.net/hofreps/1901/19010716_reps_1_2/#debate-7
1901-07-16,CUSTOMS BILL,Mr ISAACS,KJI,,https://historichansard.net/hofreps/1901/19010716_reps_1_2/#debate-7
1901-07-17,PUBLIC SERVICE BILL,Mr SPENCE,KUF,,https://historichansard.net/hofreps/1901/19010717_reps_1_2/#debate-9
1901-07-17,PUBLIC SERVICE BILL,Mr HUME COOK,K4I,,https://historichansard.net/hofreps/1901/19010717_reps_1_2/#debate-9
1901-07-17,PUBLIC SERVICE BILL,Mr MAHON,KLB,,https://historichansard.net/hofreps/1901/19010717_reps_1_2/#debate-9
1901-07-17,CUSTOMS BILL,Mr CONROY,K4E,,https://historichansard.net/hofreps/1901/19010717_reps_1_2/#debate-10
1901-07-17,CUSTOMS BILL,Mr REID,F4P,,https://historichansard.net/hofreps/1901/19010717_reps_1_2/#debate-10
1901-07-17,CUSTOMS BILL,Mr CONROY,K4E,,https://historichansard.net/hofreps/1901/19010717_reps_1_2/#debate-10
1901-07-17,CUSTOMS BILL,Mr REID,F4P,,https://historichansard.net/hofreps/1901/19010717_reps_1_2/#debate-10
1901-07-17,CUSTOMS BILL,Mr McCAY,KPM,,https://historichansard.net/hofreps/1901/19010717_reps_1_2/#debate-10
1901-07-17,INTER-STATE COMMISSION BILL: Second Reading,Sir WILLIAM! LYNE,KIN,,https://historichansard.net/hofreps/1901/19010717_reps_1_2/#subdebate-11-0
1901-07-18,CUSTOMS BILL,Mr THOMSON,KW6,,https://historichansard.net/hofreps/1901/19010718_reps_1_2/#debate-9
1901-07-18,THE COMMONWEALTH OF AUSTRALIA: To,Mr McCAY,KPM,,https://historichansard.net/hofreps/1901/19010718_reps_1_2/#subdebate-10-1
1901-07-19,QUESTION: FEDERAL CAPITAL SITE,Mr O'MALLEY,K5D,,https://historichansard.net/hofreps/1901/19010719_reps_1_3/#subdebate-7-0
1901-07-19,QUESTION: FEDERAL CAPITAL SITE,Mr WILKS,L17,,https://historichansard.net/hofreps/1901/19010719_reps_1_3/#subdebate-7-0
1901-07-19,QUESTION: FEDERAL CAPITAL SITE,Mr BARTON,009LR,,https://historichansard.net/hofreps/1901/19010719_reps_1_3/#subdebate-7-0
1901-07-23,CUSTOMS BILL,Mr V L SOLOMON,KU9,,https://historichansard.net/hofreps/1901/19010723_reps_1_3/#debate-5
1901-07-23,CUSTOMS BILL,Mr ISAACS,KJI,,https://historichansard.net/hofreps/1901/19010723_reps_1_3/#debate-5
1901-07-23,CUSTOMS BILL,Mr KINGSTON,KEW,,https://historichansard.net/hofreps/1901/19010723_reps_1_3/#debate-5
1901-07-23,CUSTOMS BILL,Mr ISAACS,KJI,,https://historichansard.net/hofreps/1901/19010723_reps_1_3/#debate-5
1901-07-23,CUSTOMS BILL,Mr POYNTON,KYD,,https://historichansard.net/hofreps/1901/19010723_reps_1_3/#debate-5
1901-07-23,CUSTOMS BILL,Mr BARTON,009LR,,https://historichansard.net/hofreps/1901/19010723_reps_1_3/#debate-5
1901-07-23,CUSTOMS BILL,Mr G B EDWARDS,KDD,,https://historichansard.net/hofreps/1901/19010723_reps_1_3/#debate-5
1901-07-24,DEFENCE. BILL: Second Reading,Mr PAGE,KXO,,https://historichansard.net/hofreps/1901/19010724_reps_1_3/#subdebate-15-0
1901-07-24,DEFENCE. BILL: Second Reading,Mr FULLER,JZF,,https://historichansard.net/hofreps/1901/19010724_reps_1_3/#subdebate-15-0
1901-07-24,DEFENCE. BILL: Second Reading,Mr WILKS,L17,,https://historichansard.net/hofreps/1901/19010724_reps_1_3/#subdebate-15-0
1901-07-25,PERSONAL EXPLANATION,Mr SPEAKER,10000,,https://historichansard.net/hofreps/1901/19010725_reps_1_3/#debate-4
1901-07-25,ADJOURNMENT,Mr HUGHES,DQC,,https://historichansard.net/hofreps/1901/19010725_reps_1_3/#debate-5
1901-07-25,CUSTOMS BILL,Mr KINGSTON,KEW,,https://historichansard.net/hofreps/1901/19010725_reps_1_3/#debate-9
1901-07-25,CUSTOMS BILL,Mr SALMON,L0K,,https://historichansard.net/hofreps/1901/19010725_reps_1_3/#debate-9
1901-07-25,CUSTOMS BILL,Mr THOMSON,KW6,,https://historichansard.net/hofreps/1901/19010725_reps_1_3/#debate-9
1901-07-25,INTER-STATE COMMISSION BILL: Second Reading,Mr REID,F4P,,https://historichansard.net/hofreps/1901/19010725_reps_1_3/#subdebate-10-0
1901-07-25,DEFENCE BILL: Second Reading,Mr REID,F4P,,https://historichansard.net/hofreps/1901/19010725_reps_1_3/#subdebate-11-0
1901-07-26,QUESTION: ABORIGINAL INHABITANTS OF WESTERN AUSTRALIA,Mr KING O'MALLEY,K5D,,https://historichansard.net/hofreps/1901/19010726_reps_1_3/#subdebate-7-0
1901-07-30,CUSTOMS BILL,Mr THOMSON,KW6,,https://historichansard.net/hofreps/1901/19010730_reps_1_3/#debate-5
1901-07-30,EXCISE ON BEER BILL: Second Reading,Mr KINGSTON,KEW,,https://historichansard.net/hofreps/1901/19010730_reps_1_3/#subdebate-7-0
1901-07-30,DEFENCE BILL: Second Reading,Mr WATSON,F4R,,https://historichansard.net/hofreps/1901/19010730_reps_1_3/#subdebate-8-0
1901-07-30,DEFENCE BILL: Second Reading,Mr A McLEAN,KRO,,https://historichansard.net/hofreps/1901/19010730_reps_1_3/#subdebate-8-0
1901-07-31,ADJOURNMENT,Mr McDONALD,KQP,,https://historichansard.net/hofreps/1901/19010731_reps_1_3/#debate-3
1901-07-31,DEFENCE BILL: Second Reading,Mr HUGHES,DQC,,https://historichansard.net/hofreps/1901/19010731_reps_1_3/#subdebate-8-0
1901-07-31,DEFENCE BILL: Second Reading,Sir WILLIAM MCMILLAN,L2G,,https://historichansard.net/hofreps/1901/19010731_reps_1_3/#subdebate-8-0
1901-07-31,DEFENCE BILL: Second Reading,Mr KNOX,KYT,,https://historichansard.net/hofreps/1901/19010731_reps_1_3/#subdebate-8-0
1901-07-31,DEFENCE BILL: Second Reading,Mr MANIFOLD,KMM,,https://historichansard.net/hofreps/1901/19010731_reps_1_3/#subdebate-8-0
1901-07-31,DEFENCE BILL: Second Reading,Mr HUME COOK,K4I,,https://historichansard.net/hofreps/1901/19010731_reps_1_3/#subdebate-8-0
1901-07-31,DEFENCE BILL: Second Reading,Mr SPEAKER,10000,,https://historichansard.net/hofreps/1901/19010731_reps_1_3/#subdebate-8-0
1901-07-31,DEFENCE BILL: Second Reading,Mr MAUGER,KNJ,,https://historichansard.net/hofreps/1901/19010731_reps_1_3/#subdebate-8-0
1901-07-31,ADJOURNMENT: Revenue Contribution of South Australia:,Mr BARTON,009LR,,https://historichansard.net/hofreps/1901/19010731_reps_1_3/#subdebate-9-2
1901-07-31,ADJOURNMENT: New-South Wales,Mr BARTON,009LR,,https://historichansard.net/hofreps/1901/19010731_reps_1_3/#subdebate-9-3
1901-08-01,ADJOURNMENT: Public Servants' Salaries and Allowances,Mr FULLER,JZF,,https://historichansard.net/hofreps/1901/19010801_reps_1_3/#subdebate-6-0
1901-08-01,ADJOURNMENT: Public Servants' Salaries and Allowances,Mr JOSEPH COOK,F4S,,https://historichansard.net/hofreps/1901/19010801_reps_1_3/#subdebate-6-0
1901-08-01,DEFENCE BILL: Second Reading,Mr SALMON,L0K,,https://historichansard.net/hofreps/1901/19010801_reps_1_3/#subdebate-9-0
1901-08-02,QUESTION: OLD-AGE PENSIONS,Mr KIRWAN,KYR,,https://historichansard.net/hofreps/1901/19010802_reps_1_3/#subdebate-11-0
1901-08-07,IMMIGRATION RESTRICTION BILL: Second Reading,Mr BARTON,009LR,,https://historichansard.net/hofreps/1901/19010807_reps_1_3/#subdebate-11-0
1901-08-07,DEFENCE BILL: Second Reading,Mr McDONALD,KQP,,https://historichansard.net/hofreps/1901/19010807_reps_1_3/#subdebate-14-0
1901-08-07,DEFENCE BILL: Second Reading,Mr KIRWAN,KYR,,https://historichansard.net/hofreps/1901/19010807_reps_1_3/#subdebate-14-0
1901-08-07,DEFENCE BILL: Second Reading,Mr JOSEPH COOK,F4S,,https://historichansard.net/hofreps/1901/19010807_reps_1_3/#subdebate-14-0
1901-08-07,DEFENCE BILL: Second Reading,Mr O'MALLEY,K5D,,https://historichansard.net/hofreps/1901/19010807_reps_1_3/#subdebate-14-0
1901-08-07,DEFENCE BILL: Second Reading,Mr BROWN,JSM,,https://historichansard.net/hofreps/1901/19010807_reps_1_3/#subdebate-14-0
1901-08-07,DEFENCE BILL: Second Reading,Mr PATERSON,KXS,,https://historichansard.net/hofreps/1901/19010807_reps_1_3/#subdebate-14-0
1901-08-09,DEFENCE BILL: Second Reading,Mr A C GROOM,KFI,,https://historichansard.net/hofreps/1901/19010809_REPS_1_3_c1/#subdebate-7-0
1901-08-09,DEFENCE BILL: Second Reading,Mr BARTON,009LR,,https://historichansard.net/hofreps/1901/19010809_REPS_1_3_c1/#subdebate-7-0
1901-08-09,POST AND TELEGRAPH BILL: Second Reading,Mr JOSEPH COOK,F4S,,https://historichansard.net/hofreps/1901/19010809_REPS_1_3_c1/#subdebate-8-0
1901-08-13,POST AND TELEGRAPH BILL: Second Reading,Mr BATCHELOR,JOC,,https://historichansard.net/hofreps/1901/19010813_reps_1_3/#subdebate-5-0
1901-08-13,POST AND TELEGRAPH BILL: Second Reading,Mr KENNEDY,KED,,https://historichansard.net/hofreps/1901/19010813_reps_1_3/#subdebate-5-0
1901-08-13,POST AND TELEGRAPH BILL: Second Reading,Mr REID,F4P,,https://historichansard.net/hofreps/1901/19010813_reps_1_3/#subdebate-5-0
1901-08-13,ADJOURNMENT: Navigation and Shipping,Mr BARTON,009LR,,https://historichansard.net/hofreps/1901/19010813_reps_1_3/#subdebate-9-0
1901-08-14,PETITIONS: State of Public Business,Mr BARTON,009LR,,https://historichansard.net/hofreps/1901/19010814_reps_1_3/#subdebate-0-0
1901-08-14,PETITIONS: State of Public Business,Mr KINGSTON,KEW,,https://historichansard.net/hofreps/1901/19010814_reps_1_3/#subdebate-0-0
1901-08-14,PETITIONS: State of Public Business,Mr REID,F4P,,https://historichansard.net/hofreps/1901/19010814_reps_1_3/#subdebate-0-0
1901-08-14,DISTILLATTON BILL: Second Reading,Mr KINGSTON,KEW,,https://historichansard.net/hofreps/1901/19010814_reps_1_3/#subdebate-3-0
1901-08-14,POST AND TELEGRAPH BILL,Sir MALCOLM McEACHARN,KQU,,https://historichansard.net/hofreps/1901/19010814_reps_1_3/#debate-4
1901-08-14,POST AND TELEGRAPH BILL,Mr MAHON,KLB,,https://historichansard.net/hofreps/1901/19010814_reps_1_3/#debate-4
1901-08-14,POST AND TELEGRAPH BILL,Sir EDWARD BRADDON,JRR,,https://historichansard.net/hofreps/1901/19010814_reps_1_3/#debate-4
1901-08-14,POST AND TELEGRAPH BILL,Mr CHAPMAN,JX7,,https://historichansard.net/hofreps/1901/19010814_reps_1_3/#debate-4
1901-08-14,POST AND TELEGRAPH BILL,Mr CHAPMAN,JX7,,https://historichansard.net/hofreps/1901/19010814_reps_1_3/#debate-4
1901-08-14,ADJOURNMENT: Order of Business. Recruiting for South Africa. Federal Capital Site,Mr MCDONALD,KQP,,https://historichansard.net/hofreps/1901/19010814_reps_1_3/#subdebate-6-0
1901-08-15,QUESTION: TENDERS FOR BICYCLES,Sir PHILIP FYSH,JZT,,https://historichansard.net/hofreps/1901/19010815_reps_1_3/#subdebate-1-0
1901-08-20,POST AND TELEGRAPH BILL,Sir WILLIAM McMILLAN,L2G,,https://historichansard.net/hofreps/1901/19010820_reps_1_3/#debate-6
1901-08-20,POST AND TELEGRAPH BILL,Sir PHILIP FYSH,JZT,,https://historichansard.net/hofreps/1901/19010820_reps_1_3/#debate-6
1901-08-20,POST AND TELEGRAPH BILL,Mr G B EDWARDS,KDD,,https://historichansard.net/hofreps/1901/19010820_reps_1_3/#debate-6
1901-08-20,POST AND TELEGRAPH BILL,Mr DEAKIN,009MD,,https://historichansard.net/hofreps/1901/19010820_reps_1_3/#debate-6
1901-08-20,POST AND TELEGRAPH BILL,Mr CONROY,K4E,,https://historichansard.net/hofreps/1901/19010820_reps_1_3/#debate-6
1901-08-20,POST AND TELEGRAPH BILL,Mr McDONALD,KQP,,https://historichansard.net/hofreps/1901/19010820_reps_1_3/#debate-6
1901-08-20,POST AND TELEGRAPH BILL,The CHAIRMAN,10000,,https://historichansard.net/hofreps/1901/19010820_reps_1_3/#debate-6
1901-08-21,POST AND TELEGRAPH BILL,Mr G B EDWARDS,KDD,,https://historichansard.net/hofreps/1901/19010821_reps_1_3/#debate-5
1901-08-21,POST AND TELEGRAPH BILL,Mr REID,F4P,,https://historichansard.net/hofreps/1901/19010821_reps_1_3/#debate-5
1901-08-21,POST AND TELEGRAPH BILL,Mr MAHON,KLB,,https://historichansard.net/hofreps/1901/19010821_reps_1_3/#debate-5
1901-08-21,POST AND TELEGRAPH BILL,Sir PHILIP FYSH,JZT,,https://historichansard.net/hofreps/1901/19010821_reps_1_3/#debate-5
1901-08-22,POST AND TELEGRAPH BILL,Sir JOHN QUICK,KYJ,,https://historichansard.net/hofreps/1901/19010822_reps_1_3/#debate-4
1901-08-22,POST AND TELEGRAPH BILL,Mr CLARKE,JUU,,https://historichansard.net/hofreps/1901/19010822_reps_1_3/#debate-4
1901-08-22,POST AND TELEGRAPH BILL,Mr G B EDWARDS,KDD,,https://historichansard.net/hofreps/1901/19010822_reps_1_3/#debate-4
1901-08-22,POST AND TELEGRAPH BILL,Mr O'MALLEY,K5D,,https://historichansard.net/hofreps/1901/19010822_reps_1_3/#debate-4
1901-08-23,POST AND TELEGRAPH BILL,Mr THOMSON,KW6,,https://historichansard.net/hofreps/1901/19010823_reps_1_3/#debate-1
1901-08-23,POST AND TELEGRAPH BILL,Mr BATCHELOR,JOC,,https://historichansard.net/hofreps/1901/19010823_reps_1_3/#debate-1
1901-08-28,POST AND TELEGRAPH BILL,Mr DEAKIN,009MD,,https://historichansard.net/hofreps/1901/19010828_reps_1_4/#debate-10
1901-08-28,POST AND TELEGRAPH BILL,Mr WATSON,F4R,,https://historichansard.net/hofreps/1901/19010828_reps_1_4/#debate-10
1901-08-28,POST AND TELEGRAPH BILL,Mr CRUICKSHANK,K7X,,https://historichansard.net/hofreps/1901/19010828_reps_1_4/#debate-10
1901-08-28,POST AND TELEGRAPH BILL,Sir EDWARD BRADDON,JRR,,https://historichansard.net/hofreps/1901/19010828_reps_1_4/#debate-10
1901-08-28,DISTILLATION BILL,Mr V L SOLOMON,KU9,,https://historichansard.net/hofreps/1901/19010828_reps_1_4/#debate-11
1901-08-29,PARLIAMENT HOUSE,Mr BARTON,009LR,,https://historichansard.net/hofreps/1901/19010829_reps_1_4/#debate-2
1901-08-30,SERVICE AND EXECUTION OF PROCESS BILL,Sir MALCOLM MCEACHARN,KQU,,https://historichansard.net/hofreps/1901/19010830_reps_1_4/#debate-5
1901-08-30,SERVICE AND EXECUTION OF PROCESS BILL,Mr DEAKIN,009MD,,https://historichansard.net/hofreps/1901/19010830_reps_1_4/#debate-5
1901-08-30,QUESTION: NATIONAL DEPARTMENT OF AGRICULTURE,Mr T SKENE,KRQ,,https://historichansard.net/hofreps/1901/19010830_reps_1_4/#subdebate-8-0
1901-08-30,QUESTION: NATIONAL DEPARTMENT OF AGRICULTURE,Mr SKENE,KRQ,,https://historichansard.net/hofreps/1901/19010830_reps_1_4/#subdebate-8-0
1901-09-04,SERVICE AND EXECUTION OF PROCESS BILL,Mr PIESSE,KY9,,https://historichansard.net/hofreps/1901/19010904_reps_1_4/#debate-8
1901-09-04,POST AND TELEGRAPH BILL,Mr HUGHES,DQC,,https://historichansard.net/hofreps/1901/19010904_reps_1_4/#debate-9
1901-09-04,POST AND TELEGRAPH BILL,Mr DEAKIN,009MD,,https://historichansard.net/hofreps/1901/19010904_reps_1_4/#debate-9
1901-09-04,POST AND TELEGRAPH BILL,Mr HUGHES,DQC,,https://historichansard.net/hofreps/1901/19010904_reps_1_4/#debate-9
1901-09-05,POST AND TELEGRAPH BILL,Mr V L SOLOMON,KU9,,https://historichansard.net/hofreps/1901/19010905_reps_1_4/#debate-3
1901-09-05,POST AND TELEGRAPH BILL,The CHAIRMAN,10000,,https://historichansard.net/hofreps/1901/19010905_reps_1_4/#debate-3
1901-09-05,POST AND TELEGRAPH BILL,Mr DEAKIN,009MD,,https://historichansard.net/hofreps/1901/19010905_reps_1_4/#debate-3
1901-09-05,POST AND TELEGRAPH BILL,Mr DEAKIN,009MD,,https://historichansard.net/hofreps/1901/19010905_reps_1_4/#debate-3
1901-09-05,POST AND TELEGRAPH BILL,Mr DEAKIN,009MD,,https://historichansard.net/hofreps/1901/19010905_reps_1_4/#debate-3
1901-09-05,POST AND TELEGRAPH BILL,Mr PIESSE,KY9,,https://historichansard.net/hofreps/1901/19010905_reps_1_4/#debate-3
1901-09-06,IMMIGRATION RESTRICTION BILL: Second Reading,Sir WILLIAM MCMILLAN,L2G,,https://historichansard.net/hofreps/1901/19010906_reps_1_4/#subdebate-5-0
1901-09-06,IMMIGRATION RESTRICTION BILL: Second Reading,Mr WATSON,F4R,,https://historichansard.net/hofreps/1901/19010906_reps_1_4/#subdebate-5-0
1901-09-06,IMMIGRATION RESTRICTION BILL: Second Reading,Mr GLYNN,KCO,,https://historichansard.net/hofreps/1901/19010906_reps_1_4/#subdebate-5-0
1901-09-06,IMMIGRATION RESTRICTION BILL: Second Reading,Mr KNOX,KYT,,https://historichansard.net/hofreps/1901/19010906_reps_1_4/#subdebate-5-0
1901-09-06,IMMIGRATION RESTRICTION BILL: Second Reading,Mr MANIFOLD,KMM,,https://historichansard.net/hofreps/1901/19010906_reps_1_4/#subdebate-5-0
1901-09-06,IMMIGRATION RESTRICTION BILL: Second Reading,Mr RONALD,KZV,,https://historichansard.net/hofreps/1901/19010906_reps_1_4/#subdebate-5-0
1901-09-11,DISTILLATION BILL,Mr CONROY,K4E,,https://historichansard.net/hofreps/1901/19010911_reps_1_4/#debate-10
1901-09-11,DISTILLATION BILL,Mr GLYNN,KCO,,https://historichansard.net/hofreps/1901/19010911_reps_1_4/#debate-10
1901-09-11,DISTILLATION BILL,Mr KENNEDY,KED,,https://historichansard.net/hofreps/1901/19010911_reps_1_4/#debate-10
1901-09-12,IMMIGRATION RESTRICTION BILL: Second Reading,Mr DEAKIN,009MD,,https://historichansard.net/hofreps/1901/19010912_REPS_1_4_c1/#subdebate-6-0
1901-09-12,IMMIGRATION RESTRICTION BILL: Second Reading,Mr FOWLER,JWG,,https://historichansard.net/hofreps/1901/19010912_REPS_1_4_c1/#subdebate-6-0
1901-09-12,IMMIGRATION RESTRICTION BILL: Second Reading,Mr CAMERON,JUJ,,https://historichansard.net/hofreps/1901/19010912_REPS_1_4_c1/#subdebate-6-0
1901-09-12,IMMIGRATION RESTRICTION BILL: Second Reading,Mr ISAACS,KJI,,https://historichansard.net/hofreps/1901/19010912_REPS_1_4_c1/#subdebate-6-0
1901-09-12,IMMIGRATION RESTRICTION BILL: Second Reading,Mr THOMSON,KW6,,https://historichansard.net/hofreps/1901/19010912_REPS_1_4_c1/#subdebate-6-0
1901-09-13,DISTILLATION BILL,Mr McCAY,KPM,,https://historichansard.net/hofreps/1901/19010913_reps_1_4/#debate-6
1901-09-13,DISTILLATION BILL,Mr FOWLER,JWG,,https://historichansard.net/hofreps/1901/19010913_reps_1_4/#debate-6
1901-09-13,DISTILLATION BILL,Mr WILKS,L17,,https://historichansard.net/hofreps/1901/19010913_reps_1_4/#debate-6
1901-09-13,ADJOURNMENT: Aborigines of West Australia : Military Pay Committee : Payment of State Bounties : Order of Business,Mr KINGSTON,KEW,,https://historichansard.net/hofreps/1901/19010913_reps_1_4/#subdebate-8-0
1901-09-19,QUESTION: MR. S. H. LAMBTON,Mr G B EDWARDS,KDD,,https://historichansard.net/hofreps/1901/19010919_reps_1_4/#subdebate-7-0
1901-09-19,DISTILLATION BILL,Mr SALMON,L0K,,https://historichansard.net/hofreps/1901/19010919_reps_1_4/#debate-13
1901-09-19,DISTILLATION BILL,Mr THOMSON,KW6,,https://historichansard.net/hofreps/1901/19010919_reps_1_4/#debate-13
1901-09-19,CUSTOMS BILL,Mr GLYNN,KCO,,https://historichansard.net/hofreps/1901/19010919_reps_1_4/#debate-14
1901-09-19,CUSTOMS BILL,Mr PIESSE,KY9,,https://historichansard.net/hofreps/1901/19010919_reps_1_4/#debate-14
1901-09-20,EXCISE BILL,Sir WILLIAM McMILLAN,L2G,,https://historichansard.net/hofreps/1901/19010920_reps_1_4/#debate-0
1901-09-20,POST AND TELEGRAPH BILL,Mr PIESSE,KY9,,https://historichansard.net/hofreps/1901/19010920_reps_1_4/#debate-2
1901-09-20,IMMIGRATION RESTRICTION BILL,Mr A McLEAN,KRO,,https://historichansard.net/hofreps/1901/19010920_reps_1_4/#debate-4
1901-09-25,PROPERTY FOR PUBLIC PURPOSES ACQUISITION BILL,Mr THOMSON,KW6,,https://historichansard.net/hofreps/1901/19010925_reps_1_4/#debate-1
1901-09-25,IMMIGRATION RESTRICTION BILL,Mr HENRY WILLIS,L1D,,https://historichansard.net/hofreps/1901/19010925_reps_1_4/#debate-10
1901-09-25,IMMIGRATION RESTRICTION BILL,Mr G B EDWARDS,KDD,,https://historichansard.net/hofreps/1901/19010925_reps_1_4/#debate-10
1901-09-25,IMMIGRATION RESTRICTION BILL,Mr KIRWAN,KYR,,https://historichansard.net/hofreps/1901/19010925_reps_1_4/#debate-10
1901-09-25,IMMIGRATION RESTRICTION BILL,Mr FULLER,JZF,,https://historichansard.net/hofreps/1901/19010925_reps_1_4/#debate-10
1901-09-25,IMMIGRATION RESTRICTION BILL,Mr BRUCE SMITH,KTT,,https://historichansard.net/hofreps/1901/19010925_reps_1_4/#debate-10
1901-09-25,IMMIGRATION RESTRICTION BILL,Mr FISHER,F4N,,https://historichansard.net/hofreps/1901/19010925_reps_1_4/#debate-10
1901-09-25,IMMIGRATION RESTRICTION BILL,Mr L E GROOM,KFK,,https://historichansard.net/hofreps/1901/19010925_reps_1_4/#debate-10
1901-09-26,THE FEDERAL COMMANDANT : KANAKAS,Mr BARTON,009LR,,https://historichansard.net/hofreps/1901/19010926_reps_1_4/#debate-2
1901-09-26,POST AND TELEGRAPH BILL,Mr JOSEPH COOK,F4S,,https://historichansard.net/hofreps/1901/19010926_reps_1_4/#debate-3
1901-09-26,IMMIGRATION RESTRICTION BILL,Mr McMILLAN,L2G,,https://historichansard.net/hofreps/1901/19010926_reps_1_4/#debate-4
1901-09-26,IMMIGRATION RESTRICTION BILL,Sir JOHN FORREST,KFJ,,https://historichansard.net/hofreps/1901/19010926_reps_1_4/#debate-4
1901-09-27,IMMIGRATION RESTRICTION BILL,Mr KINGSTON,KEW,,https://historichansard.net/hofreps/1901/19010927_reps_1_4/#debate-3
1901-10-01,IMMIGRATION RESTRICTION BILL,Mr KNOX,KYT,,https://historichansard.net/hofreps/1901/19011001_reps_1_4/#debate-12
1901-10-01,IMMIGRATION RESTRICTION BILL,Mr V L SOLOMON,KU9,,https://historichansard.net/hofreps/1901/19011001_reps_1_4/#debate-12
1901-10-01,IMMIGRATION RESTRICTION BILL,Mr BARTON,009LR,,https://historichansard.net/hofreps/1901/19011001_reps_1_4/#debate-12
1901-10-01,IMMIGRATION RESTRICTION BILL,Mr PIESSE,KY9,,https://historichansard.net/hofreps/1901/19011001_reps_1_4/#debate-12
1901-10-01,IMMIGRATION RESTRICTION BILL,Mr G B EDWARDS,KDD,,https://historichansard.net/hofreps/1901/19011001_reps_1_4/#debate-12
1901-10-01,PROPERTY ACQUISITION BILL: Second Reading,Sir WILLIAM LYNE,KIN,,https://historichansard.net/hofreps/1901/19011001_reps_1_4/#subdebate-13-0
1901-10-01,PROPERTY ACQUISITION BILL: Second Reading,Mr V L SOLOMON,KU9,,https://historichansard.net/hofreps/1901/19011001_reps_1_4/#subdebate-13-0
1901-10-02,PROPERTY FOR PUBLIC PURPOSES ACQUISITION BILL: Second Reading,Mr WILKS,L17,,https://historichansard.net/hofreps/1901/19011002_reps_1_4/#subdebate-1-0
1901-10-02,PROPERTY FOR PUBLIC PURPOSES ACQUISITION BILL: Second Reading,Mr PIESSE,KY9,,https://historichansard.net/hofreps/1901/19011002_reps_1_4/#subdebate-1-0
1901-10-02,PROPERTY FOR PUBLIC PURPOSES ACQUISITION BILL: Second Reading,Mr G B EDWARDS,KDD,,https://historichansard.net/hofreps/1901/19011002_reps_1_4/#subdebate-1-0
1901-10-02,PACIFIC ISLANDS LABOURERS BILL: Second Reading,Mr BARTON,009LR,,https://historichansard.net/hofreps/1901/19011002_reps_1_4/#subdebate-2-0
1901-10-02,PROPERTY FOR PUBLIC PURPOSES ACQUISITION BILL,Mr ISAACS,KJI,,https://historichansard.net/hofreps/1901/19011002_reps_1_4/#debate-4
1901-10-02,MAIL AND PASSENGER TRAFFIC,Mr SPEAKER,10000,,https://historichansard.net/hofreps/1901/19011002_reps_1_4/#debate-8
1901-10-03,IMMIGRATION RESTRICTION BILL,Sir WILLIAM McMILLAN,L2G,,https://historichansard.net/hofreps/1901/19011003_reps_1_4/#debate-4
1901-10-03,IMMIGRATION RESTRICTION BILL,Mr DEAKIN,009MD,,https://historichansard.net/hofreps/1901/19011003_reps_1_4/#debate-4
1901-10-03,IMMIGRATION RESTRICTION BILL,Mr DEAKIN,009MD,,https://historichansard.net/hofreps/1901/19011003_reps_1_4/#debate-4
1901-10-03,IMMIGRATION RESTRICTION BILL,Mr ISAACS,KJI,,https://historichansard.net/hofreps/1901/19011003_reps_1_4/#debate-4
1901-10-03,IMMIGRATION RESTRICTION BILL,Mr KIRWAN,KYR,,https://historichansard.net/hofreps/1901/19011003_reps_1_4/#debate-4
1901-10-03,DISTILLATION BILL,Mr FOWLER,JWG,,https://historichansard.net/hofreps/1901/19011003_reps_1_4/#debate-8
1901-10-03,IMMIGRATION RESTRICTION BILL,Mr DEAKIN,009MD,,https://historichansard.net/hofreps/1901/19011003_reps_1_4/#debate-12
1901-10-04,"QUESTION: RAILWAY PASSES FOB, RIFLEMEN",Sir JOHN FORREST,KFJ,,https://historichansard.net/hofreps/1901/19011004_reps_1_5/#subdebate-3-0
1901-10-04,INTER-STATE COMMISSION BILL: Second Reading,Sir JOHN QUICK,KYJ,,https://historichansard.net/hofreps/1901/19011004_reps_1_5/#subdebate-9-0
1901-10-04,ADJOURNMENT: Islands Labourers Bill - Order of Business - The Budget Speech,Mr DEAKIN,009MD,,https://historichansard.net/hofreps/1901/19011004_reps_1_5/#subdebate-14-1
1901-10-08,BUDGET: In Committee of Ways and Means,Sir GEORGE TURNER,KWT,,https://historichansard.net/hofreps/1901/19011008_reps_1_5/#subdebate-10-0
1901-10-08,BUDGET: In Committee of Ways and Means,Mr KINGSTON,KEW,,https://historichansard.net/hofreps/1901/19011008_reps_1_5/#subdebate-10-0
1901-10-08,BUDGET: In Committee of Ways and Means,Mr REID,F4P,,https://historichansard.net/hofreps/1901/19011008_reps_1_5/#subdebate-10-0
1901-10-09,IMMIGRATION RESTRICTION BILL: Third Reading,Mr DEAKIN,009MD,,https://historichansard.net/hofreps/1901/19011009_reps_1_5/#subdebate-9-0
1901-10-09,PACIFIC ISLANDS LABOURERS BILL: Second Reading,Mr JOSEPH COOK,F4S,,https://historichansard.net/hofreps/1901/19011009_reps_1_5/#subdebate-10-0
1901-10-10,"WALTER MAXWELL,: Director of Sugar Experiment Stations",Mr R EDWARDS,KDF,,https://historichansard.net/hofreps/1901/19011010_reps_1_5/#subdebate-13-0
1901-10-10,"STATEMENT SHOWING THE AMOUNTS RECEIVE!) BV WHITES AND ALIENS OUT OF THE VALUE OF AN AVERAGE QUEENSLAND SUGAR PRODUCTION OF 150,000 TONS",Mr BAMFORD,JNV,,https://historichansard.net/hofreps/1901/19011010_reps_1_5/#debate-14
1901-10-10,"STATEMENT SHOWING THE AMOUNTS RECEIVE!) BV WHITES AND ALIENS OUT OF THE VALUE OF AN AVERAGE QUEENSLAND SUGAR PRODUCTION OF 150,000 TONS",Mr G B EDWARDS,KDD,,https://historichansard.net/hofreps/1901/19011010_reps_1_5/#debate-14
1901-10-10,"STATEMENT SHOWING THE AMOUNTS RECEIVE!) BV WHITES AND ALIENS OUT OF THE VALUE OF AN AVERAGE QUEENSLAND SUGAR PRODUCTION OF 150,000 TONS",Mr KNOX,KYT,,https://historichansard.net/hofreps/1901/19011010_reps_1_5/#debate-14
1901-10-10,"STATEMENT SHOWING THE AMOUNTS RECEIVE!) BV WHITES AND ALIENS OUT OF THE VALUE OF AN AVERAGE QUEENSLAND SUGAR PRODUCTION OF 150,000 TONS",Mr McDONALD,KQP,,https://historichansard.net/hofreps/1901/19011010_reps_1_5/#debate-14
1901-10-10,"STATEMENT SHOWING THE AMOUNTS RECEIVE!) BV WHITES AND ALIENS OUT OF THE VALUE OF AN AVERAGE QUEENSLAND SUGAR PRODUCTION OF 150,000 TONS",Mr McDONALD,KQP,,https://historichansard.net/hofreps/1901/19011010_reps_1_5/#debate-14
1901-10-10,"STATEMENT SHOWING THE AMOUNTS RECEIVE!) BV WHITES AND ALIENS OUT OF THE VALUE OF AN AVERAGE QUEENSLAND SUGAR PRODUCTION OF 150,000 TONS",Mr L E GROOM,KFK,,https://historichansard.net/hofreps/1901/19011010_reps_1_5/#debate-14
1901-10-11,SUPPLY BILL (No. 4),Mr MAHON,KLB,,https://historichansard.net/hofreps/1901/19011011_reps_1_5/#debate-1
1901-10-11,PACIFIC ISLANDS LABOURERS BILL: Second Reading,Mr WATKINS,KX9,,https://historichansard.net/hofreps/1901/19011011_reps_1_5/#subdebate-4-0
1901-10-11,PACIFIC ISLANDS LABOURERS BILL: Second Reading,Mr ISAACS,KJI,,https://historichansard.net/hofreps/1901/19011011_reps_1_5/#subdebate-4-0
1901-10-11,PACIFIC ISLANDS LABOURERS BILL: Second Reading,Mr ISAACS,KJI,,https://historichansard.net/hofreps/1901/19011011_reps_1_5/#subdebate-4-0
1901-10-11,PACIFIC ISLANDS LABOURERS BILL: Second Reading,Mr SPEAKER,10000,,https://historichansard.net/hofreps/1901/19011011_reps_1_5/#subdebate-4-0
1901-10-15,"MOTION OF CENSURE: Sydney, 11th October, 1901",Mr REID,F4P,,https://historichansard.net/hofreps/1901/19011015_reps_1_5/#subdebate-3-0
1901-10-15,MOTION OF CENSURE,Mr REID,F4P,,https://historichansard.net/hofreps/1901/19011015_reps_1_5/#debate-3
1901-10-15,"MOTION OF CENSURE: Sydney, 11th October, 1901",The SPEAKER,10000,,https://historichansard.net/hofreps/1901/19011015_reps_1_5/#subdebate-3-0
1901-10-15,"MOTION OF CENSURE: Sydney, 11th October, 1901",Mr BARTON,009LR,,https://historichansard.net/hofreps/1901/19011015_reps_1_5/#subdebate-3-0
1901-10-15,"MOTION OF CENSURE: Sydney, 11th October, 1901",Mr WINTER COOKE,K4P,,https://historichansard.net/hofreps/1901/19011015_reps_1_5/#subdebate-3-0
1901-10-16,QUESTION: MOTION OFCENSURE,Mr A MCLEAN,20000,,https://historichansard.net/hofreps/1901/19011016_REPS_1_5/#subdebate-0-0
1901-10-16,QUESTION: MOTION OFCENSURE,Mr HUGHES,DQC,,https://historichansard.net/hofreps/1901/19011016_REPS_1_5/#subdebate-0-0
1901-10-16,QUESTION: MOTION OFCENSURE,Mr POYNTON,KYD,,https://historichansard.net/hofreps/1901/19011016_REPS_1_5/#subdebate-0-0
1901-10-17,MOTION OF CENSURE,Mr THOMSON,KW6,,https://historichansard.net/hofreps/1901/19011017_reps_1_5/#debate-1
1901-10-17,MOTION OF CENSURE: Affairs--,Sir EDWARD BRADDON,JRR,,https://historichansard.net/hofreps/1901/19011017_reps_1_5/#subdebate-1-0
1901-10-17,MOTION OF CENSURE,Sir GEORGE TURNER,KWT,,https://historichansard.net/hofreps/1901/19011017_reps_1_5/#debate-1
1901-10-17,MOTION OF CENSURE: Affairs--,Sir PHILIP FYSH,JZT,,https://historichansard.net/hofreps/1901/19011017_reps_1_5/#subdebate-1-0
1901-10-17,MOTION OF CENSURE,Sir G EORGE TURNER,KWT,,https://historichansard.net/hofreps/1901/19011017_reps_1_5/#debate-1
1901-10-17,MOTION OF CENSURE: Affairs--,Mr WILKS,L17,,https://historichansard.net/hofreps/1901/19011017_reps_1_5/#subdebate-1-0
1901-10-18,MOTION OF CENSURE,Mr JOSEPH COOK,F4S,,https://historichansard.net/hofreps/1901/19011018_reps_1_5/#debate-1
1901-10-18,MOTION OF CENSURE,Sir JOHN QUICK,KYJ,,https://historichansard.net/hofreps/1901/19011018_reps_1_5/#debate-1
1901-10-22,MOTION OF CENSURE,Mr FOWLER,JWG,,https://historichansard.net/hofreps/1901/19011022_reps_1_5/#debate-0
1901-10-22,MOTION OF CENSURE,Sir JOHN FORREST,KFJ,,https://historichansard.net/hofreps/1901/19011022_reps_1_5/#debate-0
1901-10-22,MOTION OF CENSURE,Sir WILLIAM McMILLAN,L2G,,https://historichansard.net/hofreps/1901/19011022_reps_1_5/#debate-0
1901-10-22,MOTION OF CENSURE,Mr HARPER,KNI,,https://historichansard.net/hofreps/1901/19011022_reps_1_5/#debate-0
1901-10-23,MOTION OF CENSURE: Honorable Members.- Oh !,Mr ISAACS,KJI,,https://historichansard.net/hofreps/1901/19011023_reps_1_5/#subdebate-1-0
1901-10-23,MOTION OF CENSURE,Mr SPEAKER,10000,,https://historichansard.net/hofreps/1901/19011023_reps_1_5/#debate-1
1901-10-23,MOTION OF CENSURE: Honorable Members.- Oh !,Mr HENR Y WILLIS,L1D,,https://historichansard.net/hofreps/1901/19011023_reps_1_5/#subdebate-1-0
1901-10-23,MOTION OF CENSURE,Mr F E McLEAN,KRP,,https://historichansard.net/hofreps/1901/19011023_reps_1_5/#debate-1
1901-10-23,MOTION OF CENSURE,Mr ISAACS,KJI,,https://historichansard.net/hofreps/1901/19011023_reps_1_5/#debate-1
1901-10-23,ADJOURNMENT,Mr V L SOLOMON,KU9,,https://historichansard.net/hofreps/1901/19011023_reps_1_5/#debate-2
1901-10-24,MOTION OF CENSURE,Mr WATSON,F4R,,https://historichansard.net/hofreps/1901/19011024_reps_1_5/#debate-1
1901-10-24,MOTION OF CENSURE: An Honorable Member. - No,Mr KENNEDY,KED,,https://historichansard.net/hofreps/1901/19011024_reps_1_5/#subdebate-1-0
1901-10-24,MOTION OF CENSURE: An Honorable Member. - No,Mr G B EDWARDS,KDD,,https://historichansard.net/hofreps/1901/19011024_reps_1_5/#subdebate-1-0
1901-10-24,MOTION OF CENSURE: An Honorable Member. - No,Mr SKENE,KRQ,,https://historichansard.net/hofreps/1901/19011024_reps_1_5/#subdebate-1-0
1901-10-24,MOTION OF CENSURE: An Honorable Member. - No,Mr V L SOLOMON,KU9,,https://historichansard.net/hofreps/1901/19011024_reps_1_5/#subdebate-1-0
1901-10-25,MOTION OP CENSURE,Mr V L SOLOMON,KU9,,https://historichansard.net/hofreps/1901/19011025_reps_1_5/#debate-2
1901-10-25,MOTION OP CENSURE,Mr SPENCE,KUF,,https://historichansard.net/hofreps/1901/19011025_reps_1_5/#debate-2
1901-10-25,MOTION OP CENSURE,Mr KNOX,KYT,,https://historichansard.net/hofreps/1901/19011025_reps_1_5/#debate-2
1901-10-25,MOTION OP CENSURE,Mr FULLER,JZF,,https://historichansard.net/hofreps/1901/19011025_reps_1_5/#debate-2
1901-10-30,MOTION OF CENSURE,Mr SPEAKER,10000,,https://historichansard.net/hofreps/1901/19011030_reps_1_5/#debate-0
1901-10-30,MOTION OF CENSURE,Mr MAHON,KLB,,https://historichansard.net/hofreps/1901/19011030_reps_1_5/#debate-0
1901-10-30,MOTION OF CENSURE,"Sir WILLIAM"" LYNE",KIN,,https://historichansard.net/hofreps/1901/19011030_reps_1_5/#debate-0
1901-10-30,MOTION OF CENSURE,Mr E SOLOMON,KTV,,https://historichansard.net/hofreps/1901/19011030_reps_1_5/#debate-0
1901-10-30,ADJOURNMENT,Mr BARTON,009LR,,https://historichansard.net/hofreps/1901/19011030_reps_1_5/#debate-1
1901-10-31,MOTION OF CENSURE: An Honorable Member. - No,Mr CONROY,K4E,,https://historichansard.net/hofreps/1901/19011031_reps_1_5/#subdebate-1-0
1901-10-31,MOTION OF CENSURE,Mr FOWLER,JWG,,https://historichansard.net/hofreps/1901/19011031_reps_1_5/#debate-1
1901-10-31,MOTION OF CENSURE: Honorable Members. - Withdraw ! Withdraw !,Mr CROUCH,K7U,,https://historichansard.net/hofreps/1901/19011031_reps_1_5/#subdebate-1-1
1901-10-31,MOTION OF CENSURE,Mr HUME COOK,K4I,,https://historichansard.net/hofreps/1901/19011031_reps_1_5/#debate-1
1901-10-31,MOTION OF CENSURE: Honorable Members. - Withdraw ! Withdraw !,Mr BATCHELOR,JOC,,https://historichansard.net/hofreps/1901/19011031_reps_1_5/#subdebate-1-1
1901-10-31,MOTION OF CENSURE,Mr SPEAKER,10000,,https://historichansard.net/hofreps/1901/19011031_reps_1_5/#debate-1
1901-10-31,MOTION OF CENSURE: Honorable Members. - Withdraw ! Withdraw !,Mr PHILLIPS,KY8,,https://historichansard.net/hofreps/1901/19011031_reps_1_5/#subdebate-1-1
1901-10-31,MOTION OF CENSURE,Mr THOMAS,K8L,,https://historichansard.net/hofreps/1901/19011031_reps_1_5/#debate-1
1901-10-31,MOTION OF CENSURE: Honorable Members. - Withdraw ! Withdraw !,Mr BROWN,JSM,,https://historichansard.net/hofreps/1901/19011031_reps_1_5/#subdebate-1-1
1901-10-31,MOTION OF CENSURE,Mr CLARKE,JUU,,https://historichansard.net/hofreps/1901/19011031_reps_1_5/#debate-1
1901-10-31,MOTION OF CENSURE: Honorable Members. - Withdraw ! Withdraw !,The SPEAKER,10000,,https://historichansard.net/hofreps/1901/19011031_reps_1_5/#subdebate-1-1
1901-10-31,MOTION OF CENSURE,Mr A PATERSON,KXS,,https://historichansard.net/hofreps/1901/19011031_reps_1_5/#debate-1
1901-10-31,MOTION OF CENSURE: Honorable Members. - Withdraw ! Withdraw !,Mr PAGE,KXO,,https://historichansard.net/hofreps/1901/19011031_reps_1_5/#subdebate-1-1
1901-10-31,MOTION OF CENSURE,Mr CONROY,K4E,,https://historichansard.net/hofreps/1901/19011031_reps_1_5/#debate-1
1901-10-31,MOTION OF CENSURE: Honorable Members. - Withdraw ! Withdraw !,Mr KINGSTON,KEW,,https://historichansard.net/hofreps/1901/19011031_reps_1_5/#subdebate-1-1
1901-10-31,MOTION OF CENSURE,Mr MCDONALD,KQP,,https://historichansard.net/hofreps/1901/19011031_reps_1_5/#debate-1
1901-10-31,MOTION OF CENSURE: Honorable Members. - Withdraw ! Withdraw !,Mr REID,F4P,,https://historichansard.net/hofreps/1901/19011031_reps_1_5/#subdebate-1-1
1901-10-31,SPECIAL ADJOURNMENT: Point of Order - The Cup Holiday. - Order of Business,Mr SPEAKER,10000,,https://historichansard.net/hofreps/1901/19011031_reps_1_5/#subdebate-2-0
1901-11-05,PACIFIC ISLANDS LABOURERS BILL: Second Reading,Mr MAUGER,KNJ,,https://historichansard.net/hofreps/1901/19011105_reps_1_5/#subdebate-6-0
1901-11-05,PACIFIC ISLANDS LABOURERS BILL: Second Reading,Mr R EDWARDS,KDF,,https://historichansard.net/hofreps/1901/19011105_reps_1_5/#subdebate-6-0
1901-11-05,PACIFIC ISLANDS LABOURERS BILL: Second Reading,Mr B EDWARDS,KDD,,https://historichansard.net/hofreps/1901/19011105_reps_1_5/#subdebate-6-0
1901-11-05,PACIFIC ISLANDS LABOURERS BILL: Second Reading,Mr R EDWARDS,KDF,,https://historichansard.net/hofreps/1901/19011105_reps_1_5/#subdebate-6-0
1901-11-06,QUESTION: JOHN JOSEPH EA STICK,Mr SPEAKER,10000,,https://historichansard.net/hofreps/1901/19011106_reps_1_5/#subdebate-9-0
1901-11-06,QUESTION: JOHN JOSEPH EA STICK,Mr FISHER,F4N,,https://historichansard.net/hofreps/1901/19011106_reps_1_5/#subdebate-9-0
1901-11-06,QUESTION: JOHN JOSEPH EA STICK,Mr MAHON,KLB,,https://historichansard.net/hofreps/1901/19011106_reps_1_5/#subdebate-9-0
1901-11-06,QUESTION: JOHN JOSEPH EA STICK,Mr A PATERSON,KXS,,https://historichansard.net/hofreps/1901/19011106_reps_1_5/#subdebate-9-0
1901-11-06,QUESTION: JOHN JOSEPH EA STICK,Mr PIESSE,KY9,,https://historichansard.net/hofreps/1901/19011106_reps_1_5/#subdebate-9-0
1901-11-06,QUESTION: JOHN JOSEPH EA STICK,Mr McDONALD,KQP,,https://historichansard.net/hofreps/1901/19011106_reps_1_5/#subdebate-9-0
1901-11-06,QUESTION: JOHN JOSEPH EA STICK,Mr THOMSON,KW6,,https://historichansard.net/hofreps/1901/19011106_reps_1_5/#subdebate-9-0
1901-11-07,PACIFIC ISLANDS LABOURERS BILL,Mr V L SOLOMON,KU9,,https://historichansard.net/hofreps/1901/19011107_reps_1_6/#debate-7
1901-11-07,PROPERTY ACQUISITION BILL,Mr DEAKIN,009MD,,https://historichansard.net/hofreps/1901/19011107_reps_1_6/#debate-9
1901-11-07,PROPERTY ACQUISITION BILL,Mr GLYNN,KCO,,https://historichansard.net/hofreps/1901/19011107_reps_1_6/#debate-9
1901-11-07,INTER-STATE COMMISSION BILL: Second Reading,Mr GLYNN,KCO,,https://historichansard.net/hofreps/1901/19011107_reps_1_6/#subdebate-10-0
1901-11-07,INTER-STATE COMMISSION BILL: Second Reading,Mr HIGGINS,KHC,,https://historichansard.net/hofreps/1901/19011107_reps_1_6/#subdebate-10-0
1901-11-08,INTER-STATE COMMISSION BILL: Second Reading,Mr WILKS,L17,,https://historichansard.net/hofreps/1901/19011108_reps_1_6/#subdebate-4-0
1901-11-08,INTER-STATE COMMISSION BILL: Second Reading,Mr THOMSON,KW6,,https://historichansard.net/hofreps/1901/19011108_reps_1_6/#subdebate-4-0
1901-11-08,INTER-STATE COMMISSION BILL: Second Reading,Mr BATCHELOR,JOC,,https://historichansard.net/hofreps/1901/19011108_reps_1_6/#subdebate-4-0
1901-11-08,INTER-STATE COMMISSION BILL: Second Reading,Mr KNOX,KYT,,https://historichansard.net/hofreps/1901/19011108_reps_1_6/#subdebate-4-0
1901-11-12,BRITISH NEW GUINEA: In Committee,Mr BARTON,009LR,,https://historichansard.net/hofreps/1901/19011112_reps_1_6/#subdebate-8-0
1901-11-12,QUESTION: TARIFF,Mr KINGSTON,KEW,,https://historichansard.net/hofreps/1901/19011112_reps_1_6/#subdebate-9-0
1901-11-13,QUESTION: TARIFF,Mr GLYNN,KCO,,https://historichansard.net/hofreps/1901/19011113_reps_1_6/#subdebate-2-0
1901-11-13,QUESTION: TARIFF,Mr KINGSTON,KEW,,https://historichansard.net/hofreps/1901/19011113_reps_1_6/#subdebate-2-0
1901-11-13,QUESTION: TARIFF,Mr JOSEPH COOK,F4S,,https://historichansard.net/hofreps/1901/19011113_reps_1_6/#subdebate-2-0
1901-11-13,QUESTION: TARIFF,Mr CONROY,K4E,,https://historichansard.net/hofreps/1901/19011113_reps_1_6/#subdebate-2-0
1901-11-14,QUESTION: THE TARIFF,The CHAIRMAN,10000,,https://historichansard.net/hofreps/1901/19011114_reps_1_6/#subdebate-9-0
1901-11-14,QUESTION: THE TARIFF,Mr SYDNEY SMITH,L2I,,https://historichansard.net/hofreps/1901/19011114_reps_1_6/#subdebate-9-0
1901-11-14,QUESTION: THE TARIFF,Mr SALMON,L0K,,https://historichansard.net/hofreps/1901/19011114_reps_1_6/#subdebate-9-0
1901-11-14,QUESTION: THE TARIFF,Sir EDWARD BRADDON,JRR,,https://historichansard.net/hofreps/1901/19011114_reps_1_6/#subdebate-9-0
1901-11-15,QUESTION: TARIFF,Mr PIESSE,KY9,,https://historichansard.net/hofreps/1901/19011115_reps_1_6/#subdebate-3-0
1901-11-15,QUESTION: TARIFF,Sir GEORGE TURNER,KWT,,https://historichansard.net/hofreps/1901/19011115_reps_1_6/#subdebate-3-0
1901-11-15,QUESTION: TARIFF,Mr THOMSON,KW6,,https://historichansard.net/hofreps/1901/19011115_reps_1_6/#subdebate-3-0
1901-11-15,QUESTION: TARIFF,Mr L E GROOM,KFK,,https://historichansard.net/hofreps/1901/19011115_reps_1_6/#subdebate-3-0
1901-11-15,QUESTION: TARIFF,Sir WILLIAM McMILLAN,L2G,,https://historichansard.net/hofreps/1901/19011115_reps_1_6/#subdebate-3-0
1901-11-19,BRITISH NEW GUINEA: In Committee,Mr HUME COOK,K4I,,https://historichansard.net/hofreps/1901/19011119_reps_1_6/#subdebate-8-0
1901-11-19,BRITISH NEW GUINEA: In Committee,Mr DEAKIN,009MD,,https://historichansard.net/hofreps/1901/19011119_reps_1_6/#subdebate-8-0
1901-11-19,BRITISH NEW GUINEA: In Committee,Mr THOMSON,KW6,,https://historichansard.net/hofreps/1901/19011119_reps_1_6/#subdebate-8-0
1901-11-19,BRITISH NEW GUINEA: In Committee,Mr JOSEPH COOK,F4S,,https://historichansard.net/hofreps/1901/19011119_reps_1_6/#subdebate-8-0
1901-11-19,BRITISH NEW GUINEA: In Committee,Mr KIRWAN,KYR,,https://historichansard.net/hofreps/1901/19011119_reps_1_6/#subdebate-8-0
1901-11-19,BRITISH NEW GUINEA: In Committee,Mr HIGGINS,KHC,,https://historichansard.net/hofreps/1901/19011119_reps_1_6/#subdebate-8-0
1901-11-19,BRITISH NEW GUINEA: In Committee,Mr O'MALLEY,K5D,,https://historichansard.net/hofreps/1901/19011119_reps_1_6/#subdebate-8-0
1901-11-20,QUESTION: THE TARIFF,Sir WILLIAM McMILLAN,L2G,,https://historichansard.net/hofreps/1901/19011120_reps_1_6/#subdebate-5-0
1901-11-20,QUESTION: THE TARIFF,Sir WILLIAM McMILLAN,L2G,,https://historichansard.net/hofreps/1901/19011120_reps_1_6/#subdebate-5-0
1901-11-20,QUESTION: THE TARIFF,Mr KINGSTON,KEW,,https://historichansard.net/hofreps/1901/19011120_reps_1_6/#subdebate-5-0
1901-11-20,QUESTION: THE TARIFF,Mr THOMSON,KW6,,https://historichansard.net/hofreps/1901/19011120_reps_1_6/#subdebate-5-0
1901-11-20,ADJOURNMENT: Tariff Debate,Sir WILLIAM McMILLAN,L2G,,https://historichansard.net/hofreps/1901/19011120_reps_1_6/#subdebate-6-0
1901-11-21,QUESTION: WAYS AND MEANS,Mr BARTON,009LR,,https://historichansard.net/hofreps/1901/19011121_reps_1_6/#subdebate-7-0
1901-11-21,QUESTION: WAYS AND MEANS,Sir WILLIAM LYNE,KIN,,https://historichansard.net/hofreps/1901/19011121_reps_1_6/#subdebate-7-0
1901-11-21,QUESTION: WAYS AND MEANS,Mr CONROY,K4E,,https://historichansard.net/hofreps/1901/19011121_reps_1_6/#subdebate-7-0
1901-11-21,TARIFF: Special Exemption -,Sir WILLIAM McMILLAN,L2G,,https://historichansard.net/hofreps/1901/19011121_reps_1_6/#subdebate-8-0
1901-11-21,TARIFF: Special Exemption -,Mr WATSON,F4R,,https://historichansard.net/hofreps/1901/19011121_reps_1_6/#subdebate-8-0
1901-11-22,TARIFF,Mr HUGHES,DQC,,https://historichansard.net/hofreps/1901/19011122_reps_1_6/#debate-5
1901-11-22,TARIFF: Majority......... 1,Mr THOMAS,K8L,,https://historichansard.net/hofreps/1901/19011122_reps_1_6/#subdebate-5-6
1901-11-22,TARIFF,Sir GEORGE TURNER,KWT,,https://historichansard.net/hofreps/1901/19011122_reps_1_6/#debate-5
1901-11-22,TARIFF,Mr KIRWAN,KYR,,https://historichansard.net/hofreps/1901/19011122_reps_1_6/#debate-5
1901-11-26,QUESTION: ADDITIONAL SITTING DAY,Mr DEAKIN,009MD,,https://historichansard.net/hofreps/1901/19011126_reps_1_6/#subdebate-4-0
1901-11-26,QUESTION: ADDITIONAL SITTING DAY,Mr E SOLOMON,KTV,,https://historichansard.net/hofreps/1901/19011126_reps_1_6/#subdebate-4-0
1901-11-26,QUESTION: TARIFF,Mr THOMSON,KW6,,https://historichansard.net/hofreps/1901/19011126_reps_1_6/#subdebate-5-0
1901-11-26,QUESTION: TARIFF,Mr MAUGER,KNJ,,https://historichansard.net/hofreps/1901/19011126_reps_1_6/#subdebate-5-0
1901-11-26,QUESTION: TARIFF,Mr McCOLL,KQ4,,https://historichansard.net/hofreps/1901/19011126_reps_1_6/#subdebate-5-0
1901-11-26,QUESTION: TARIFF,Sir WILLIAM McMILLAN,L2G,,https://historichansard.net/hofreps/1901/19011126_reps_1_6/#subdebate-5-0
1901-11-26,QUESTION: TARIFF,Mr KENNEDY,KED,,https://historichansard.net/hofreps/1901/19011126_reps_1_6/#subdebate-5-0
1901-11-26,QUESTION: TARIFF,Mr SALMON,L0K,,https://historichansard.net/hofreps/1901/19011126_reps_1_6/#subdebate-5-0
1901-11-26,QUESTION: TARIFF,Mr McCOLL,KQ4,,https://historichansard.net/hofreps/1901/19011126_reps_1_6/#subdebate-5-0
1901-11-26,QUESTION: TARIFF,Mr WILKS,L17,,https://historichansard.net/hofreps/1901/19011126_reps_1_6/#subdebate-5-0
1901-11-26,QUESTION: TARIFF,Mr WINTER COOKE,K4P,,https://historichansard.net/hofreps/1901/19011126_reps_1_6/#subdebate-5-0
1901-11-26,QUESTION: TARIFF,Mr FULLER,JZF,,https://historichansard.net/hofreps/1901/19011126_reps_1_6/#subdebate-5-0
1901-11-26,QUESTION: TARIFF,Mr JOSEPH COOK,F4S,,https://historichansard.net/hofreps/1901/19011126_reps_1_6/#subdebate-5-0
1901-11-27,QUESTION: TARIFF,Mr KIRWAN,KYR,,https://historichansard.net/hofreps/1901/19011127_reps_1_6/#subdebate-7-0
1901-11-27,QUESTION: TARIFF,Sir WILLIAM McMILLAN,L2G,,https://historichansard.net/hofreps/1901/19011127_reps_1_6/#subdebate-7-0
1901-11-27,QUESTION: TARIFF,Mr THOMAS,K8L,,https://historichansard.net/hofreps/1901/19011127_reps_1_6/#subdebate-7-0
1901-11-27,QUESTION: TARIFF,Mr HUME COOK,K4I,,https://historichansard.net/hofreps/1901/19011127_reps_1_6/#subdebate-7-0
1901-11-27,QUESTION: TARIFF,Mr CONROY,K4E,,https://historichansard.net/hofreps/1901/19011127_reps_1_6/#subdebate-7-0
1901-11-27,QUESTION: TARIFF,Mr GLYNN,KCO,,https://historichansard.net/hofreps/1901/19011127_reps_1_6/#subdebate-7-0
1901-11-27,QUESTION: TARIFF,Mr BROWN,JSM,,https://historichansard.net/hofreps/1901/19011127_reps_1_6/#subdebate-7-0
1901-11-27,QUESTION: TARIFF,Mr WATKINS,KX9,,https://historichansard.net/hofreps/1901/19011127_reps_1_6/#subdebate-7-0
1901-11-27,QUESTION: TARIFF,Mr PAGE,KXO,,https://historichansard.net/hofreps/1901/19011127_reps_1_6/#subdebate-7-0
1901-11-27,QUESTION: TARIFF,Mr KENNEDY,KED,,https://historichansard.net/hofreps/1901/19011127_reps_1_6/#subdebate-7-0
1901-11-27,QUESTION: TARIFF,Mr MAUGER,KNJ,,https://historichansard.net/hofreps/1901/19011127_reps_1_6/#subdebate-7-0
1901-11-27,QUESTION: TARIFF,Mr CONROY,K4E,,https://historichansard.net/hofreps/1901/19011127_reps_1_6/#subdebate-7-0
1901-11-27,QUESTION: TARIFF,Sir GEORGE TURNER,KWT,,https://historichansard.net/hofreps/1901/19011127_reps_1_6/#subdebate-7-0
1901-11-27,QUESTION: TARIFF,Sir william: Mcmillan,L2G,,https://historichansard.net/hofreps/1901/19011127_reps_1_6/#subdebate-7-0
1901-11-27,QUESTION: TARIFF,Mr KIRWAN,KYR,,https://historichansard.net/hofreps/1901/19011127_reps_1_6/#subdebate-7-0
1901-11-27,QUESTION: TARIFF,Mr WILKS,L17,,https://historichansard.net/hofreps/1901/19011127_reps_1_6/#subdebate-7-0
1901-11-27,QUESTION: TARIFF,Mr HUGHES,DQC,,https://historichansard.net/hofreps/1901/19011127_reps_1_6/#subdebate-7-0
1901-11-27,QUESTION: TARIFF,Mr E SOLOMON,KTV,,https://historichansard.net/hofreps/1901/19011127_reps_1_6/#subdebate-7-0
1901-11-27,QUESTION: TARIFF,Mr SALMON,L0K,,https://historichansard.net/hofreps/1901/19011127_reps_1_6/#subdebate-7-0
1901-11-27,QUESTION: TARIFF,Mr SKENE,KRQ,,https://historichansard.net/hofreps/1901/19011127_reps_1_6/#subdebate-7-0
1901-11-27,QUESTION: TARIFF,Mr GLYNN,KCO,,https://historichansard.net/hofreps/1901/19011127_reps_1_6/#subdebate-7-0
1901-11-27,QUESTION: TARIFF,Mr CRUICKSHANK,K7X,,https://historichansard.net/hofreps/1901/19011127_reps_1_6/#subdebate-7-0
1901-11-27,QUESTION: TARIFF,Mr MAHON,KLB,,https://historichansard.net/hofreps/1901/19011127_reps_1_6/#subdebate-7-0
1901-11-27,QUESTION: TARIFF,Mr JOSEPH COOK,F4S,,https://historichansard.net/hofreps/1901/19011127_reps_1_6/#subdebate-7-0
1901-11-29,QUESTION: THE TARIFF,Sir WILLIAM McMILLAN,L2G,,https://historichansard.net/hofreps/1901/19011129_reps_1_6/#subdebate-5-0
1901-11-29,QUESTION: THE TARIFF,Sir GEORGE TURNER,KWT,,https://historichansard.net/hofreps/1901/19011129_reps_1_6/#subdebate-5-0
1901-11-29,QUESTION: THE TARIFF,Mr SAWERS,KPX,,https://historichansard.net/hofreps/1901/19011129_reps_1_6/#subdebate-5-0
1901-11-29,QUESTION: THE TARIFF,Mr BATCHELOR,JOC,,https://historichansard.net/hofreps/1901/19011129_reps_1_6/#subdebate-5-0
1901-11-29,QUESTION: THE TARIFF,Mr WATSON,F4R,,https://historichansard.net/hofreps/1901/19011129_reps_1_6/#subdebate-5-0
1901-11-29,QUESTION: THE TARIFF,Mr CROUCH,K7U,,https://historichansard.net/hofreps/1901/19011129_reps_1_6/#subdebate-5-0
1901-12-02,TARIFF: In Committee of Ways and Means :  -,Mr MAHON,KLB,,https://historichansard.net/hofreps/1901/19011202_reps_1_6/#subdebate-4-0
1901-12-02,"TARIFF: Elastic Stockings, Surgical",Sir WILLIAM McMILLAN,L2G,,https://historichansard.net/hofreps/1901/19011202_reps_1_6/#subdebate-4-9
1901-12-02,TARIFF: Australia,Mr HARPER,KNI,,https://historichansard.net/hofreps/1901/19011202_reps_1_6/#subdebate-4-2
1901-12-02,TARIFF: Australia,Mr FOWLER,JWG,,https://historichansard.net/hofreps/1901/19011202_reps_1_6/#subdebate-4-2
1901-12-02,TARIFF: Australia,Mr KNOX,KYT,,https://historichansard.net/hofreps/1901/19011202_reps_1_6/#subdebate-4-2
1901-12-02,TARIFF: Australia,Mr PAGE,KXO,,https://historichansard.net/hofreps/1901/19011202_reps_1_6/#subdebate-4-2
1901-12-02,TARIFF: Australia,Mr KINGSTON,KEW,,https://historichansard.net/hofreps/1901/19011202_reps_1_6/#subdebate-4-2
1901-12-02,TARIFF: Australia,Mr KIRWAN,KYR,,https://historichansard.net/hofreps/1901/19011202_reps_1_6/#subdebate-4-2
1901-12-02,TARIFF: Australia,Mr JOSEPH COOK,F4S,,https://historichansard.net/hofreps/1901/19011202_reps_1_6/#subdebate-4-2
1901-12-02,TARIFF: Australia,Mr McDONALD,KQP,,https://historichansard.net/hofreps/1901/19011202_reps_1_6/#subdebate-4-2
1901-12-02,TARIFF: Australia,Mr WILKS,L17,,https://historichansard.net/hofreps/1901/19011202_reps_1_6/#subdebate-4-2
1901-12-03,QUESTION: WEAVERS' PRICES AT THE ANTIPODES,Mr CROUCH,K7U,,https://historichansard.net/hofreps/1901/19011203_reps_1_6/#subdebate-4-0
1901-12-03,QUESTION: WEAVERS' PRICES AT THE ANTIPODES,Mr CRUICKSHANK,K7X,,https://historichansard.net/hofreps/1901/19011203_reps_1_6/#subdebate-4-0
1901-12-03,QUESTION: WEAVERS' PRICES AT THE ANTIPODES,Mr WILKS,L17,,https://historichansard.net/hofreps/1901/19011203_reps_1_6/#subdebate-4-0
1901-12-03,QUESTION: WEAVERS' PRICES AT THE ANTIPODES,Mr THOMSON,KW6,,https://historichansard.net/hofreps/1901/19011203_reps_1_6/#subdebate-4-0
1901-12-03,QUESTION: WEAVERS' PRICES AT THE ANTIPODES,Mr JOSEPH COOK,F4S,,https://historichansard.net/hofreps/1901/19011203_reps_1_6/#subdebate-4-0
1901-12-03,QUESTION: WEAVERS' PRICES AT THE ANTIPODES,Mr SYDNEY SMITH,L2I,,https://historichansard.net/hofreps/1901/19011203_reps_1_6/#subdebate-4-0
1901-12-03,QUESTION: WEAVERS' PRICES AT THE ANTIPODES,Mr FULLER,JZF,,https://historichansard.net/hofreps/1901/19011203_reps_1_6/#subdebate-4-0
1901-12-03,QUESTION: WEAVERS' PRICES AT THE ANTIPODES,Mr HUGHES,DQC,,https://historichansard.net/hofreps/1901/19011203_reps_1_6/#subdebate-4-0
1901-12-03,QUESTION: WEAVERS' PRICES AT THE ANTIPODES,Mr GLYNN,KCO,,https://historichansard.net/hofreps/1901/19011203_reps_1_6/#subdebate-4-0
1901-12-03,QUESTION: WEAVERS' PRICES AT THE ANTIPODES,Sir GEORGIE TURNER,KWT,,https://historichansard.net/hofreps/1901/19011203_reps_1_6/#subdebate-4-0
1901-12-03,QUESTION: WEAVERS' PRICES AT THE ANTIPODES,Mr THOMSON,KW6,,https://historichansard.net/hofreps/1901/19011203_reps_1_6/#subdebate-4-0
1901-12-03,QUESTION: WEAVERS' PRICES AT THE ANTIPODES,Mr SKENE,KRQ,,https://historichansard.net/hofreps/1901/19011203_reps_1_6/#subdebate-4-0
1901-12-03,QUESTION: WEAVERS' PRICES AT THE ANTIPODES,Mr HENRY WILLIS,L1D,,https://historichansard.net/hofreps/1901/19011203_reps_1_6/#subdebate-4-0
1901-12-03,QUESTION: WEAVERS' PRICES AT THE ANTIPODES,Mr KINGSTON,KEW,,https://historichansard.net/hofreps/1901/19011203_reps_1_6/#subdebate-4-0
1901-12-03,QUESTION: WEAVERS' PRICES AT THE ANTIPODES,Mr G B EDWARDS,KDD,,https://historichansard.net/hofreps/1901/19011203_reps_1_6/#subdebate-4-0
1901-12-03,QUESTION: WEAVERS' PRICES AT THE ANTIPODES,Mr FOWLER,JWG,,https://historichansard.net/hofreps/1901/19011203_reps_1_6/#subdebate-4-0
1901-12-03,QUESTION: WEAVERS' PRICES AT THE ANTIPODES,Mr E SOLOMON,KTV,,https://historichansard.net/hofreps/1901/19011203_reps_1_6/#subdebate-4-0
1901-12-03,QUESTION: WEAVERS' PRICES AT THE ANTIPODES,Mr SAWERS,KPX,,https://historichansard.net/hofreps/1901/19011203_reps_1_6/#subdebate-4-0
1901-12-03,QUESTION: WEAVERS' PRICES AT THE ANTIPODES,Mr THOMAS,K8L,,https://historichansard.net/hofreps/1901/19011203_reps_1_6/#subdebate-4-0
1901-12-03,QUESTION: WEAVERS' PRICES AT THE ANTIPODES,Mr KENNEDY,KED,,https://historichansard.net/hofreps/1901/19011203_reps_1_6/#subdebate-4-0
1901-12-03,QUESTION: WEAVERS' PRICES AT THE ANTIPODES,Mr WATSON,F4R,,https://historichansard.net/hofreps/1901/19011203_reps_1_6/#subdebate-4-0
1901-12-03,QUESTION: WEAVERS' PRICES AT THE ANTIPODES,Sir GEORGE TURNER,KWT,,https://historichansard.net/hofreps/1901/19011203_reps_1_6/#subdebate-4-0
1901-12-03,QUESTION: WEAVERS' PRICES AT THE ANTIPODES,Mr MAUGER,KNJ,,https://historichansard.net/hofreps/1901/19011203_reps_1_6/#subdebate-4-0
1901-12-03,QUESTION: WEAVERS' PRICES AT THE ANTIPODES,Mr V L SOLOMON,KU9,,https://historichansard.net/hofreps/1901/19011203_reps_1_6/#subdebate-4-0
1901-12-05,QUESTION: THE TARIFF,Sir WILLIAM McMILLAN,L2G,,https://historichansard.net/hofreps/1901/19011205_reps_1_6/#subdebate-10-0
1901-12-05,QUESTION: THE TARIFF,Sir GEORGE TURNER,KWT,,https://historichansard.net/hofreps/1901/19011205_reps_1_6/#subdebate-10-0
1901-12-05,QUESTION: THE TARIFF,Mr HUGHES,DQC,,https://historichansard.net/hofreps/1901/19011205_reps_1_6/#subdebate-10-0
1901-12-05,QUESTION: THE TARIFF,Mr TUDOR,KWL,,https://historichansard.net/hofreps/1901/19011205_reps_1_6/#subdebate-10-0
1901-12-05,QUESTION: THE TARIFF,Mr GLYNN,KCO,,https://historichansard.net/hofreps/1901/19011205_reps_1_6/#subdebate-10-0
1901-12-05,QUESTION: THE TARIFF,Mr THOMSON,KW6,,https://historichansard.net/hofreps/1901/19011205_reps_1_6/#subdebate-10-0
